Document_ID,Provinsi,Kategori_Isu,Text,clean,Token,Normalisasi,stopwords
D001,Aceh,Kekurangan Surat Suara,Kekurangan surat suara gubernur sebanyak 622 lembar pada tahap pelipatan logistik pemilu.,kekurangan surat suara gubernur sebanyak lembar pada tahap pelipatan logistik pemilu,kekurangan surat suara gubernur sebanyak lembar pada tahap pelipatan logistik pemilu,kekurangan surat suara gubernur sebanyak lembar pada tahap pelipatan logistik pemilu,kekurangan surat suara gubernur sebanyak lembar tahap pelipatan logistik pemilu
D002,Aceh,Kelebihan Surat Suara,Kelebihan surat suara gubernur sebanyak 142 lembar setelah pengepakan logistik.,kelebihan surat suara gubernur sebanyak lembar setelah pengepakan logistik,kelebihan surat suara gubernur sebanyak lembar setelah pengepakan logistik,kelebihan surat suara gubernur sebanyak lembar setelah pengepakan logistik,kelebihan surat suara gubernur sebanyak lembar pengepakan logistik
D003,Aceh,Kekurangan Surat Suara,Kekurangan surat suara walikota sebanyak 347 lembar pada proses pelipatan.,kekurangan surat suara walikota sebanyak lembar pada proses pelipatan,kekurangan surat suara walikota sebanyak lembar pada proses pelipatan,kekurangan surat suara walikota sebanyak lembar pada proses pelipatan,kekurangan surat suara walikota sebanyak lembar proses pelipatan
D004,Aceh,Kelebihan Surat Suara,Kelebihan surat suara walikota sebanyak 368 lembar pada tahap pengepakan.,kelebihan surat suara walikota sebanyak lembar pada tahap pengepakan,kelebihan surat suara walikota sebanyak lembar pada tahap pengepakan,kelebihan surat suara walikota sebanyak lembar pada tahap pengepakan,kelebihan surat suara walikota sebanyak lembar tahap pengepakan
D005,Aceh,Kerusakan Logistik,Ditemukan 5 kotak suara dalam kondisi rusak saat penerimaan logistik.,ditemukan kotak suara dalam kondisi rusak saat penerimaan logistik,ditemukan kotak suara dalam kondisi rusak saat penerimaan logistik,ditemukan kotak suara dalam kondisi rusak saat penerimaan logistik,ditemukan kotak suara kondisi rusak penerimaan logistik
D006,Aceh,Kekurangan Perlengkapan TPS,Kekurangan tanda pengenal KPPS sebanyak 21 set.,kekurangan tanda pengenal kpps sebanyak set,kekurangan tanda pengenal kpps sebanyak set,kekurangan tanda pengenal kpps sebanyak set,kekurangan tanda pengenal kpps sebanyak set
D007,Aceh,Kekurangan Perlengkapan TPS,Kekurangan kantong plastik sedang sebanyak 5 buah.,kekurangan kantong plastik sedang sebanyak buah,kekurangan kantong plastik sedang sebanyak buah,kekurangan kantong plastik sedang sebanyak buah,kekurangan kantong plastik sedang sebanyak buah
D008,Aceh,Kelebihan Perlengkapan TPS,Kelebihan kabel ties sebanyak 38 buah.,kelebihan kabel ties sebanyak buah,kelebihan kabel ties sebanyak buah,kelebihan kabel ties sebanyak buah,kelebihan kabel ties sebanyak buah
D009,Aceh,Kelebihan Perlengkapan TPS,Kelebihan template tuna netra walikota sebanyak 4 buah.,kelebihan template tuna netra walikota sebanyak buah,kelebihan template tuna netra walikota sebanyak buah,kelebihan template tuna netra walikota sebanyak buah,kelebihan template tuna netra walikota sebanyak buah
D010,Aceh,Kelebihan Formulir,Kelebihan formulir C Hasil Salinan Walikota sebanyak 8 rangkap.,kelebihan formulir c hasil salinan walikota sebanyak rangkap,kelebihan formulir c hasil salinan walikota sebanyak rangkap,kelebihan formulir c hasil salinan walikota sebanyak rangkap,kelebihan formulir hasil salinan walikota sebanyak rangkap
D011,Bali,Distribusi Logistik,Pengawasan distribusi logistik Pemilu dan Pemilihan Tahun 2024.,pengawasan distribusi logistik pemilu dan pemilihan tahun,pengawasan distribusi logistik pemilu dan pemilihan tahun,pengawasan distribusi logistik pemilu dan pemilihan tahun,pengawasan distribusi logistik pemilu pemilihan tahun
D012,Bali,Pengadaan Logistik,Monitoring pengadaan logistik Pemilu dan Pilkada Tahun 2024.,monitoring pengadaan logistik pemilu dan pilkada tahun,monitoring pengadaan logistik pemilu dan pilkada tahun,monitoring pengadaan logistik pemilu dan pilkada tahun,monitoring pengadaan logistik pemilu pilkada tahun
D013,Bali,Kekurangan Logistik,Temuan ketidaksesuaian jumlah logistik pada tingkat TPS.,temuan ketidaksesuaian jumlah logistik pada tingkat tps,temuan ketidaksesuaian jumlah logistik pada tingkat tps,temuan ketidaksesuaian jumlah logistik pada tingkat tps,temuan ketidaksesuaian jumlah logistik tingkat tps
D014,Bali,Distribusi Logistik,Pengawasan distribusi surat suara ke wilayah kabupaten/kota.,pengawasan distribusi surat suara ke wilayah kabupaten kota,pengawasan distribusi surat suara ke wilayah kabupaten kota,pengawasan distribusi surat suara ke wilayah kabupaten kota,pengawasan distribusi surat suara wilayah kabupaten kota
D015,Bali,Administrasi Logistik,Pengawasan administrasi dan pelaporan logistik Pemilu 2024.,pengawasan administrasi dan pelaporan logistik pemilu,pengawasan administrasi dan pelaporan logistik pemilu,pengawasan administrasi dan pelaporan logistik pemilu,pengawasan administrasi pelaporan logistik pemilu
D016,Bali,Logistik TPS,Monitoring perlengkapan TPS pada tahapan pemungutan suara.,monitoring perlengkapan tps pada tahapan pemungutan suara,monitoring perlengkapan tps pada tahapan pemungutan suara,monitoring perlengkapan tps pada tahapan pemungutan suara,monitoring perlengkapan tps tahapan pemungutan suara
D017,Bali,Keterlambatan Distribusi,Distribusi logistik mengalami keterlambatan ke beberapa wilayah.,distribusi logistik mengalami keterlambatan ke beberapa wilayah,distribusi logistik mengalami keterlambatan ke beberapa wilayah,distribusi logistik mengalami keterlambatan ke beberapa wilayah,distribusi logistik mengalami keterlambatan beberapa wilayah
D018,Bali,Pengawasan Logistik,Laporan akhir pengawasan logistik Pemilu dan Pilkada Tahun 2024.,laporan akhir pengawasan logistik pemilu dan pilkada tahun,laporan akhir pengawasan logistik pemilu dan pilkada tahun,laporan akhir pengawasan logistik pemilu dan pilkada tahun,laporan akhir pengawasan logistik pemilu pilkada tahun
D019,Bali,Evaluasi Logistik,Evaluasi pengelolaan logistik Pemilu dan Pilkada Tahun 2024.,evaluasi pengelolaan logistik pemilu dan pilkada tahun,evaluasi pengelolaan logistik pemilu dan pilkada tahun,evaluasi pengelolaan logistik pemilu dan pilkada tahun,evaluasi pengelolaan logistik pemilu pilkada tahun
D020,Bangka Belitung,Distribusi Logistik,Pengawasan distribusi logistik Pemilu dan Pilkada Bangka Belitung.,pengawasan distribusi logistik pemilu dan pilkada bangka belitung,pengawasan distribusi logistik pemilu dan pilkada bangka belitung,pengawasan distribusi logistik pemilu dan pilkada bangka belitung,pengawasan distribusi logistik pemilu pilkada bangka belitung
D021,Bangka Belitung,Pengadaan Logistik,Monitoring pengadaan logistik Pemilu Tahun 2024.,monitoring pengadaan logistik pemilu tahun,monitoring pengadaan logistik pemilu tahun,monitoring pengadaan logistik pemilu tahun,monitoring pengadaan logistik pemilu tahun
D022,Bangka Belitung,Keterlambatan Distribusi,Terdapat keterlambatan distribusi logistik ke wilayah tertentu.,terdapat keterlambatan distribusi logistik ke wilayah tertentu,terdapat keterlambatan distribusi logistik ke wilayah tertentu,terdapat keterlambatan distribusi logistik ke wilayah tertentu,terdapat keterlambatan distribusi logistik wilayah tertentu
D023,Bangka Belitung,Kekurangan Logistik,Ditemukan kekurangan logistik pada tahapan distribusi.,ditemukan kekurangan logistik pada tahapan distribusi,ditemukan kekurangan logistik pada tahapan distribusi,ditemukan kekurangan logistik pada tahapan distribusi,ditemukan kekurangan logistik tahapan distribusi
D024,Bangka Belitung,Pengawasan PSU,Pengawasan pengadaan dan distribusi logistik PSU Tahun 2025.,pengawasan pengadaan dan distribusi logistik psu tahun,pengawasan pengadaan dan distribusi logistik psu tahun,pengawasan pengadaan dan distribusi logistik psu tahun,pengawasan pengadaan distribusi logistik psu tahun
D025,Bangka Belitung,Evaluasi Logistik,Evaluasi pelaksanaan distribusi logistik Pemilu dan Pilkada.,evaluasi pelaksanaan distribusi logistik pemilu dan pilkada,evaluasi pelaksanaan distribusi logistik pemilu dan pilkada,evaluasi pelaksanaan distribusi logistik pemilu dan pilkada,evaluasi pelaksanaan distribusi logistik pemilu pilkada
D026 Bengkulu Pengawasan Logistik Laporan pengawasan logistik pada Pemilu dan Pemilihan Serentak Tahun 2024 Provinsi Bengkulu.,,,,nan,nan,dan,
D027 Bengkulu Distribusi Logistik Pengawasan distribusi surat suara dan perlengkapan pemilu di wilayah Provinsi Bengkulu.,,,,nan,nan,dan,
D028 Bengkulu Pengadaan Logistik Pengawasan tahapan penyediaan dan pengadaan logistik Pemilu Tahun 2024.,,,,nan,nan,dan,
D029 Bengkulu Evaluasi Logistik Evaluasi pelaksanaan pengawasan logistik Pemilu dan Pilkada Tahun 2024.,,,,nan,nan,dan,
D030 Bengkulu Administrasi Logistik Pelaporan dan dokumentasi pengawasan logistik Pemilu Tahun 2024.,,,,nan,nan,dan,
D031 D.I. Yogyakarta Pengawasan Logistik Laporan pengawasan logistik Pemilu dan Pemilihan Tahun 2024 di D.I. Yogyakarta.,,,,nan,nan,dan,
D032 D.I. Yogyakarta Pengadaan Logistik Pengawasan pengadaan logistik Pemilu dan Pemilihan Tahun 2024.,,,,nan,nan,dan,
D033 D.I. Yogyakarta Distribusi Logistik Pengawasan distribusi logistik Pemilu untuk memastikan kelancaran tahapan pemilu.,,,,nan,nan,dan,
D034 D.I. Yogyakarta Logistik TPS Pengawasan penggunaan perlengkapan TPS pada tahapan pemungutan suara.,,,,nan,nan,dan,
D035 D.I. Yogyakarta Evaluasi Logistik Evaluasi sistem logistik Pemilu dan Pemilihan sebagai bahan perbaikan penyelenggaraan.,,,,nan,nan,dan,
D036 DKI Jakarta Pengawasan Logistik Laporan pengawasan logistik Pemilu dan Pemilihan Tahun 2024 tingkat Provinsi DKI Jakarta.,,,,nan,nan,dan,
D037 DKI Jakarta Distribusi Logistik Pengawasan distribusi logistik Pemilu dan Pemilihan pada wilayah DKI Jakarta.,,,,nan,nan,dan,
D038 DKI Jakarta Logistik TPS Pengawasan perlengkapan TPS pada tahapan Pemilu dan Pemilihan Tahun 2024.,,,,nan,nan,dan,
D039 DKI Jakarta Evaluasi Logistik Evaluasi pelaksanaan pengawasan logistik Pemilu dan Pemilihan Tahun 2024.,,,,nan,nan,dan,
D040 DKI Jakarta Administrasi Logistik Pelaporan dan dokumentasi pengawasan logistik Pemilu dan Pemilihan Tahun 2024.,,,,nan,nan,dan,
D041 Gorontalo Pengawasan Logistik Laporan akhir pengawasan logistik Pemilu dan Pemilihan Tahun 2024 di Kota Gorontalo.,,,,nan,nan,dan,
D042 Gorontalo Distribusi Logistik Pengawasan distribusi logistik Pemilu dan Pemilihan di wilayah Gorontalo.,,,,nan,nan,dan,
D043 Gorontalo Pengadaan Logistik Pengawasan pengadaan logistik Pemilu dan Pemilihan Tahun 2024.,,,,nan,nan,dan,
D044 Gorontalo Kekurangan Logistik Temuan kendala dan kekurangan logistik pada tahapan penyelenggaraan Pemilu.,,,,nan,nan,dan,
D045 Gorontalo Evaluasi Logistik Evaluasi pelaksanaan pengawasan logistik Pemilu dan Pemilihan Tahun 2024.,,,,nan,nan,dan,
Document_ID,Provinsi,Kategori_Isu,Text,text,text,text,text
D046,Jawa Barat,Pengawasan Logistik,Laporan pengawasan logistik Pemilu dan Pemilihan 2024 Kabupaten Garut.,laporan pengawasan logistik pemilu dan pemilihan kabupaten garut,laporan pengawasan logistik pemilu dan pemilihan kabupaten garut,laporan pengawasan logistik pemilu dan pemilihan kabupaten garut,laporan pengawasan logistik pemilu pemilihan kabupaten garut
D047,Jawa Barat,Distribusi Logistik,Pengawasan tahapan distribusi logistik Pemilu ke seluruh kecamatan di Kabupaten Garut.,pengawasan tahapan distribusi logistik pemilu ke seluruh kecamatan di kabupaten garut,pengawasan tahapan distribusi logistik pemilu ke seluruh kecamatan di kabupaten garut,pengawasan tahapan distribusi logistik pemilu ke seluruh kecamatan di kabupaten garut,pengawasan tahapan distribusi logistik pemilu seluruh kecamatan kabupaten garut
D048,Jawa Barat,Pengadaan Logistik,Pengawasan proses pengadaan dan ketepatan jumlah logistik Pemilu 2024.,pengawasan proses pengadaan dan ketepatan jumlah logistik pemilu,pengawasan proses pengadaan dan ketepatan jumlah logistik pemilu,pengawasan proses pengadaan dan ketepatan jumlah logistik pemilu,pengawasan proses pengadaan ketepatan jumlah logistik pemilu
D049,Jawa Barat,Logistik TPS,Pengawasan kelengkapan serta pemenuhan perlengkapan pemungutan suara di TPS.,pengawasan kelengkapan serta pemenuhan perlengkapan pemungutan suara di tps,pengawasan kelengkapan serta pemenuhan perlengkapan pemungutan suara di tps,pengawasan kelengkapan serta pemenuhan perlengkapan pemungutan suara di tps,pengawasan kelengkapan pemenuhan perlengkapan pemungutan suara tps
D050,Jawa Barat,Evaluasi Logistik,Evaluasi menyeluruh terhadap hasil pengawasan logistik Pemilu 2024 Kabupaten Garut.,evaluasi menyeluruh terhadap hasil pengawasan logistik pemilu kabupaten garut,evaluasi menyeluruh terhadap hasil pengawasan logistik pemilu kabupaten garut,evaluasi menyeluruh terhadap hasil pengawasan logistik pemilu kabupaten garut,evaluasi menyeluruh hasil pengawasan logistik pemilu kabupaten garut
Document_ID,Provinsi,Kategori_Isu,Text,text,text,text,text
D051,Jawa Tengah,Pengawasan Logistik,Ruang lingkup laporan pengawasan logistik Pemilu 2024 mencakup manajemen risiko dan pemantauan logistik di Kabupaten Rembang.,ruang lingkup laporan pengawasan logistik pemilu mencakup manajemen risiko dan pemantauan logistik di kabupaten rembang,ruang lingkup laporan pengawasan logistik pemilu mencakup manajemen risiko dan pemantauan logistik di kabupaten rembang,ruang lingkup laporan pengawasan logistik pemilu mencakup manajemen risiko dan pemantauan logistik di kabupaten rembang,ruang lingkup laporan pengawasan logistik pemilu mencakup manajemen risiko pemantauan logistik kabupaten rembang
D052,Jawa Tengah,Evaluasi Logistik,Evaluasi pengawasan logistik terkait pengadaan surat suara DPD dari KPU Provinsi Jawa Tengah untuk PSU di Kabupaten Sukoharjo.,evaluasi pengawasan logistik terkait pengadaan surat suara dpd dari kpu provinsi jawa tengah untuk psu di kabupaten sukoharjo,evaluasi pengawasan logistik terkait pengadaan surat suara dpd dari kpu provinsi jawa tengah untuk psu di kabupaten sukoharjo,evaluasi pengawasan logistik terkait pengadaan surat suara dpd dari kpu provinsi jawa tengah untuk psu di kabupaten sukoharjo,evaluasi pengawasan logistik terkait pengadaan surat suara dpd kpu provinsi jawa tengah psu kabupaten sukoharjo
D053,Jawa Tengah,Distribusi Logistik,Pengawasan melekat terhadap kepatuhan prosedur dan ketepatan waktu pendistribusian logistik Pemilu di Kabupaten Kudus.,pengawasan melekat terhadap kepatuhan prosedur dan ketepatan waktu pendistribusian logistik pemilu di kabupaten kudus,pengawasan melekat terhadap kepatuhan prosedur dan ketepatan waktu pendistribusian logistik pemilu di kabupaten kudus,pengawasan melekat terhadap kepatuhan prosedur dan ketepatan waktu pendistribusian logistik pemilu di kabupaten kudus,pengawasan melekat kepatuhan prosedur ketepatan waktu pendistribusian logistik pemilu kabupaten kudus
D054,Jawa Tengah,Logistik TPS,"Pengawasan ketersediaan perlengkapan pemungutan suara, dukungan perlengkapan lainnya, serta perlengkapan pemungutan suara di TPS.",pengawasan ketersediaan perlengkapan pemungutan suara dukungan perlengkapan lainnya serta perlengkapan pemungutan suara di tps,pengawasan ketersediaan perlengkapan pemungutan suara dukungan perlengkapan lainnya serta perlengkapan pemungutan suara di tps,pengawasan ketersediaan perlengkapan pemungutan suara dukungan perlengkapan lainnya serta perlengkapan pemungutan suara di tps,pengawasan ketersediaan perlengkapan pemungutan suara dukungan perlengkapan lainnya perlengkapan pemungutan suara tps
D055,Jawa Tengah,Instruksi Logistik,Pelaksanaan instruksi Bawaslu Provinsi Jawa Tengah terkait pengawasan ketat pengadaan dan distribusi logistik Pemilu 2024.,pelaksanaan instruksi bawaslu provinsi jawa tengah terkait pengawasan ketat pengadaan dan distribusi logistik pemilu,pelaksanaan instruksi bawaslu provinsi jawa tengah terkait pengawasan ketat pengadaan dan distribusi logistik pemilu,pelaksanaan instruksi bawaslu provinsi jawa tengah terkait pengawasan ketat pengadaan dan distribusi logistik pemilu,pelaksanaan instruksi bawaslu provinsi jawa tengah terkait pengawasan ketat pengadaan distribusi logistik pemilu
Document_ID,Provinsi,Kategori_Isu,Text,text,text,text,text
D056,Kalimantan Barat,Pengawasan Logistik,Laporan akhir pengawasan logistik Pemilu dan Pemilihan Tahun 2024 di Provinsi Kalimantan Barat.,laporan akhir pengawasan logistik pemilu dan pemilihan tahun di provinsi kalimantan barat,laporan akhir pengawasan logistik pemilu dan pemilihan tahun di provinsi kalimantan barat,laporan akhir pengawasan logistik pemilu dan pemilihan tahun di provinsi kalimantan barat,laporan akhir pengawasan logistik pemilu pemilihan tahun provinsi kalimantan barat
D057,Kalimantan Barat,Distribusi Logistik,Pengawasan distribusi logistik Pemilu dan Pemilihan pada wilayah Kalimantan Barat.,pengawasan distribusi logistik pemilu dan pemilihan pada wilayah kalimantan barat,pengawasan distribusi logistik pemilu dan pemilihan pada wilayah kalimantan barat,pengawasan distribusi logistik pemilu dan pemilihan pada wilayah kalimantan barat,pengawasan distribusi logistik pemilu pemilihan wilayah kalimantan barat
D058,Kalimantan Barat,Logistik TPS,Pengawasan perlengkapan TPS pada tahapan Pemilu dan Pemilihan Tahun 2024.,pengawasan perlengkapan tps pada tahapan pemilu dan pemilihan tahun,pengawasan perlengkapan tps pada tahapan pemilu dan pemilihan tahun,pengawasan perlengkapan tps pada tahapan pemilu dan pemilihan tahun,pengawasan perlengkapan tps tahapan pemilu pemilihan tahun
D059,Kalimantan Barat,Evaluasi Logistik,Evaluasi pelaksanaan pengawasan logistik Pemilu dan Pemilihan Tahun 2024.,evaluasi pelaksanaan pengawasan logistik pemilu dan pemilihan tahun,evaluasi pelaksanaan pengawasan logistik pemilu dan pemilihan tahun,evaluasi pelaksanaan pengawasan logistik pemilu dan pemilihan tahun,evaluasi pelaksanaan pengawasan logistik pemilu pemilihan tahun
D060,Kalimantan Barat,Administrasi Logistik,Pelaporan dan dokumentasi pengawasan logistik Pemilu dan Pemilihan Tahun 2024.,pelaporan dan dokumentasi pengawasan logistik pemilu dan pemilihan tahun,pelaporan dan dokumentasi pengawasan logistik pemilu dan pemilihan tahun,pelaporan dan dokumentasi pengawasan logistik pemilu dan pemilihan tahun,pelaporan dokumentasi pengawasan logistik pemilu pemilihan tahun
,,,,nan,nan,dan,
D061,Kalimantan Selatan,Pengawasan Logistik,Laporan akhir pengawasan logistik Pemilu dan Pemilihan Tahun 2024 di Provinsi Kalimantan Selatan.,laporan akhir pengawasan logistik pemilu dan pemilihan tahun di provinsi kalimantan selatan,laporan akhir pengawasan logistik pemilu dan pemilihan tahun di provinsi kalimantan selatan,laporan akhir pengawasan logistik pemilu dan pemilihan tahun di provinsi kalimantan selatan,laporan akhir pengawasan logistik pemilu pemilihan tahun provinsi kalimantan selatan
D062,Kalimantan Selatan,Distribusi Logistik,Pengawasan distribusi logistik Pemilu dan Pemilihan di wilayah Kalimantan Selatan.,pengawasan distribusi logistik pemilu dan pemilihan di wilayah kalimantan selatan,pengawasan distribusi logistik pemilu dan pemilihan di wilayah kalimantan selatan,pengawasan distribusi logistik pemilu dan pemilihan di wilayah kalimantan selatan,pengawasan distribusi logistik pemilu pemilihan wilayah kalimantan selatan
D063,Kalimantan Selatan,Pengadaan Logistik,Pengawasan pengadaan logistik Pemilu dan Pemilihan Tahun 2024.,pengawasan pengadaan logistik pemilu dan pemilihan tahun,pengawasan pengadaan logistik pemilu dan pemilihan tahun,pengawasan pengadaan logistik pemilu dan pemilihan tahun,pengawasan pengadaan logistik pemilu pemilihan tahun
D064,Kalimantan Selatan,Kekurangan Logistik,Temuan kendala dan kekurangan logistik pada tahapan penyelenggaraan Pemilu.,temuan kendala dan kekurangan logistik pada tahapan penyelenggaraan pemilu,temuan kendala dan kekurangan logistik pada tahapan penyelenggaraan pemilu,temuan kendala dan kekurangan logistik pada tahapan penyelenggaraan pemilu,temuan kendala kekurangan logistik tahapan penyelenggaraan pemilu
D065,Kalimantan Selatan,Evaluasi Logistik,Evaluasi pelaksanaan pengawasan logistik Pemilu dan Pemilihan Tahun 2024.,evaluasi pelaksanaan pengawasan logistik pemilu dan pemilihan tahun,evaluasi pelaksanaan pengawasan logistik pemilu dan pemilihan tahun,evaluasi pelaksanaan pengawasan logistik pemilu dan pemilihan tahun,evaluasi pelaksanaan pengawasan logistik pemilu pemilihan tahun
,,,,nan,nan,dan,
D066,Kalimantan Tengah,Pengawasan Logistik,Laporan akhir pengawasan logistik Pemilu dan Pemilihan Tahun 2024 di Provinsi Kalimantan Tengah.,laporan akhir pengawasan logistik pemilu dan pemilihan tahun di provinsi kalimantan tengah,laporan akhir pengawasan logistik pemilu dan pemilihan tahun di provinsi kalimantan tengah,laporan akhir pengawasan logistik pemilu dan pemilihan tahun di provinsi kalimantan tengah,laporan akhir pengawasan logistik pemilu pemilihan tahun provinsi kalimantan tengah
D067,Kalimantan Tengah,Distribusi Logistik,Pengawasan distribusi logistik Pemilu dan Pemilihan di wilayah Kalimantan Tengah.,pengawasan distribusi logistik pemilu dan pemilihan di wilayah kalimantan tengah,pengawasan distribusi logistik pemilu dan pemilihan di wilayah kalimantan tengah,pengawasan distribusi logistik pemilu dan pemilihan di wilayah kalimantan tengah,pengawasan distribusi logistik pemilu pemilihan wilayah kalimantan tengah
D068,Kalimantan Tengah,Pengadaan Logistik,Pengawasan pengadaan logistik Pemilu dan Pemilihan Tahun 2024.,pengawasan pengadaan logistik pemilu dan pemilihan tahun,pengawasan pengadaan logistik pemilu dan pemilihan tahun,pengawasan pengadaan logistik pemilu dan pemilihan tahun,pengawasan pengadaan logistik pemilu pemilihan tahun
D069,Kalimantan Tengah,Logistik PSU,Pengawasan logistik pada pelaksanaan Pemungutan Suara Ulang (PSU).,pengawasan logistik pada pelaksanaan pemungutan suara ulang psu,pengawasan logistik pada pelaksanaan pemungutan suara ulang psu,pengawasan logistik pada pelaksanaan pemungutan suara ulang psu,pengawasan logistik pelaksanaan pemungutan suara ulang psu
D070,Kalimantan Tengah,Evaluasi Logistik,Evaluasi pelaksanaan pengawasan logistik Pemilu dan Pemilihan Tahun 2024.,evaluasi pelaksanaan pengawasan logistik pemilu dan pemilihan tahun,evaluasi pelaksanaan pengawasan logistik pemilu dan pemilihan tahun,evaluasi pelaksanaan pengawasan logistik pemilu dan pemilihan tahun,evaluasi pelaksanaan pengawasan logistik pemilu pemilihan tahun
,,,,nan,nan,dan,
D071,Kalimantan Utara,Pengawasan Logistik,Laporan akhir pengawasan logistik Pemilu dan Pemilihan Tahun 2024 di Provinsi Kalimantan Utara.,laporan akhir pengawasan logistik pemilu dan pemilihan tahun di provinsi kalimantan utara,laporan akhir pengawasan logistik pemilu dan pemilihan tahun di provinsi kalimantan utara,laporan akhir pengawasan logistik pemilu dan pemilihan tahun di provinsi kalimantan utara,laporan akhir pengawasan logistik pemilu pemilihan tahun provinsi kalimantan utara
D072,Kalimantan Utara,Distribusi Logistik,Pengawasan distribusi logistik Pemilu dan Pemilihan di wilayah Kalimantan Utara.,pengawasan distribusi logistik pemilu dan pemilihan di wilayah kalimantan utara,pengawasan distribusi logistik pemilu dan pemilihan di wilayah kalimantan utara,pengawasan distribusi logistik pemilu dan pemilihan di wilayah kalimantan utara,pengawasan distribusi logistik pemilu pemilihan wilayah kalimantan utara
D073,Kalimantan Utara,Pengadaan Logistik,Pengawasan pengadaan logistik Pemilu dan Pemilihan Tahun 2024.,pengawasan pengadaan logistik pemilu dan pemilihan tahun,pengawasan pengadaan logistik pemilu dan pemilihan tahun,pengawasan pengadaan logistik pemilu dan pemilihan tahun,pengawasan pengadaan logistik pemilu pemilihan tahun
D074,Kalimantan Utara,Administrasi Logistik,Pelaporan dan dokumentasi pengawasan logistik Pemilu dan Pemilihan Tahun 2024.,pelaporan dan dokumentasi pengawasan logistik pemilu dan pemilihan tahun,pelaporan dan dokumentasi pengawasan logistik pemilu dan pemilihan tahun,pelaporan dan dokumentasi pengawasan logistik pemilu dan pemilihan tahun,pelaporan dokumentasi pengawasan logistik pemilu pemilihan tahun
D075,Kalimantan Utara,Evaluasi Logistik,Evaluasi pelaksanaan pengawasan logistik Pemilu dan Pemilihan Tahun 2024.,evaluasi pelaksanaan pengawasan logistik pemilu dan pemilihan tahun,evaluasi pelaksanaan pengawasan logistik pemilu dan pemilihan tahun,evaluasi pelaksanaan pengawasan logistik pemilu dan pemilihan tahun,evaluasi pelaksanaan pengawasan logistik pemilu pemilihan tahun
Document_ID,Provinsi,Kategori_Isu,Text,text,text,text,text
D076,Kepulauan Riau,Pengawasan Logistik,Laporan pengawasan logistik Pemilu dan Pemilihan Tahun 2024 di Provinsi Kepulauan Riau.,laporan pengawasan logistik pemilu dan pemilihan tahun di provinsi kepulauan riau,laporan pengawasan logistik pemilu dan pemilihan tahun di provinsi kepulauan riau,laporan pengawasan logistik pemilu dan pemilihan tahun di provinsi kepulauan riau,laporan pengawasan logistik pemilu pemilihan tahun provinsi kepulauan riau
D077,Lampung,Logistik PSU,Pengawasan logistik dalam Pemungutan Suara Ulang (PSU) Kabupaten Pesawaran Tahun 2024.,pengawasan logistik dalam pemungutan suara ulang psu kabupaten pesawaran tahun,pengawasan logistik dalam pemungutan suara ulang psu kabupaten pesawaran tahun,pengawasan logistik dalam pemungutan suara ulang psu kabupaten pesawaran tahun,pengawasan logistik pemungutan suara ulang psu kabupaten pesawaran tahun
D078,Lampung,Pengawasan Logistik,Laporan pengawasan logistik Pemilu dan Pemilihan Kabupaten Tulang Bawang Barat Tahun 2024.,laporan pengawasan logistik pemilu dan pemilihan kabupaten tulang bawang barat tahun,laporan pengawasan logistik pemilu dan pemilihan kabupaten tulang bawang barat tahun,laporan pengawasan logistik pemilu dan pemilihan kabupaten tulang bawang barat tahun,laporan pengawasan logistik pemilu pemilihan kabupaten tulang bawang barat tahun
D079,Lampung,Pengawasan Logistik,Laporan pelaksanaan pengawasan tahapan logistik Kabupaten Tulang Bawang Tahun 2024.,laporan pelaksanaan pengawasan tahapan logistik kabupaten tulang bawang tahun,laporan pelaksanaan pengawasan tahapan logistik kabupaten tulang bawang tahun,laporan pelaksanaan pengawasan tahapan logistik kabupaten tulang bawang tahun,laporan pelaksanaan pengawasan tahapan logistik kabupaten tulang bawang tahun
D080,Lampung,Pengawasan Logistik,Laporan pengawasan logistik Pemilu dan Pemilihan Kabupaten Lampung Timur Tahun 2024.,laporan pengawasan logistik pemilu dan pemilihan kabupaten lampung timur tahun,laporan pengawasan logistik pemilu dan pemilihan kabupaten lampung timur tahun,laporan pengawasan logistik pemilu dan pemilihan kabupaten lampung timur tahun,laporan pengawasan logistik pemilu pemilihan kabupaten lampung timur tahun
D081,Lampung,Pengawasan Logistik,Laporan pengawasan logistik Pemilu dan Pemilihan Kabupaten Way Kanan Tahun 2024.,laporan pengawasan logistik pemilu dan pemilihan kabupaten way kanan tahun,laporan pengawasan logistik pemilu dan pemilihan kabupaten way kanan tahun,laporan pengawasan logistik pemilu dan pemilihan kabupaten way kanan tahun,laporan pengawasan logistik pemilu pemilihan kabupaten way kanan tahun
D082,Lampung,Pengawasan Logistik,Laporan pengawasan logistik Pemilu dan Pemilihan Kabupaten Mesuji Tahun 2024.,laporan pengawasan logistik pemilu dan pemilihan kabupaten mesuji tahun,laporan pengawasan logistik pemilu dan pemilihan kabupaten mesuji tahun,laporan pengawasan logistik pemilu dan pemilihan kabupaten mesuji tahun,laporan pengawasan logistik pemilu pemilihan kabupaten mesuji tahun
D083,Lampung,Pengawasan Logistik,Laporan pengawasan logistik Pemilu dan Pemilihan Kabupaten Lampung Barat Tahun 2024.,laporan pengawasan logistik pemilu dan pemilihan kabupaten lampung barat tahun,laporan pengawasan logistik pemilu dan pemilihan kabupaten lampung barat tahun,laporan pengawasan logistik pemilu dan pemilihan kabupaten lampung barat tahun,laporan pengawasan logistik pemilu pemilihan kabupaten lampung barat tahun
D084,Lampung,Pengawasan Logistik,Laporan pengawasan logistik Pemilu dan Pemilihan Kabupaten Lampung Selatan Tahun 2024.,laporan pengawasan logistik pemilu dan pemilihan kabupaten lampung selatan tahun,laporan pengawasan logistik pemilu dan pemilihan kabupaten lampung selatan tahun,laporan pengawasan logistik pemilu dan pemilihan kabupaten lampung selatan tahun,laporan pengawasan logistik pemilu pemilihan kabupaten lampung selatan tahun
D085,Lampung,Pengawasan Logistik,Laporan pengawasan logistik Pemilu dan Pemilihan Provinsi Lampung Tahun 2024.,laporan pengawasan logistik pemilu dan pemilihan provinsi lampung tahun,laporan pengawasan logistik pemilu dan pemilihan provinsi lampung tahun,laporan pengawasan logistik pemilu dan pemilihan provinsi lampung tahun,laporan pengawasan logistik pemilu pemilihan provinsi lampung tahun
D086,Lampung,Pengawasan Logistik,Laporan pengawasan logistik Pemilu dan Pemilihan Kabupaten Lampung Utara Tahun 2024.,laporan pengawasan logistik pemilu dan pemilihan kabupaten lampung utara tahun,laporan pengawasan logistik pemilu dan pemilihan kabupaten lampung utara tahun,laporan pengawasan logistik pemilu dan pemilihan kabupaten lampung utara tahun,laporan pengawasan logistik pemilu pemilihan kabupaten lampung utara tahun
D087,Lampung,Pengawasan Logistik,Laporan pengawasan logistik Pemilu dan Pemilihan Kabupaten Pesisir Barat Tahun 2024.,laporan pengawasan logistik pemilu dan pemilihan kabupaten pesisir barat tahun,laporan pengawasan logistik pemilu dan pemilihan kabupaten pesisir barat tahun,laporan pengawasan logistik pemilu dan pemilihan kabupaten pesisir barat tahun,laporan pengawasan logistik pemilu pemilihan kabupaten pesisir barat tahun
D088,Lampung,Pengawasan Logistik,Laporan pengawasan logistik Pemilu dan Pemilihan Kota Metro Tahun 2024.,laporan pengawasan logistik pemilu dan pemilihan kota metro tahun,laporan pengawasan logistik pemilu dan pemilihan kota metro tahun,laporan pengawasan logistik pemilu dan pemilihan kota metro tahun,laporan pengawasan logistik pemilu pemilihan kota metro tahun
D089,Lampung,Pengawasan Logistik,Laporan pengawasan logistik Pemilu dan Pemilihan Kabupaten Lampung Tengah Tahun 2024.,laporan pengawasan logistik pemilu dan pemilihan kabupaten lampung tengah tahun,laporan pengawasan logistik pemilu dan pemilihan kabupaten lampung tengah tahun,laporan pengawasan logistik pemilu dan pemilihan kabupaten lampung tengah tahun,laporan pengawasan logistik pemilu pemilihan kabupaten lampung tengah tahun
D090,Lampung,Pengadaan Logistik,Laporan pengawasan pengadaan dan pendistribusian logistik PSU Pemilihan Tahun 2024.,laporan pengawasan pengadaan dan pendistribusian logistik psu pemilihan tahun,laporan pengawasan pengadaan dan pendistribusian logistik psu pemilihan tahun,laporan pengawasan pengadaan dan pendistribusian logistik psu pemilihan tahun,laporan pengawasan pengadaan pendistribusian logistik psu pemilihan tahun
D091,Lampung,Logistik PSU,Laporan logistik PSU Pemilihan Tahun 2024 Kabupaten Pesawaran.,laporan logistik psu pemilihan tahun kabupaten pesawaran,laporan logistik psu pemilihan tahun kabupaten pesawaran,laporan logistik psu pemilihan tahun kabupaten pesawaran,laporan logistik psu pemilihan tahun kabupaten pesawaran
D092,Lampung,Pengawasan Logistik,Laporan akhir pengawasan logistik Pemilu dan Pemilihan Kabupaten Pesawaran Tahun 2024.,laporan akhir pengawasan logistik pemilu dan pemilihan kabupaten pesawaran tahun,laporan akhir pengawasan logistik pemilu dan pemilihan kabupaten pesawaran tahun,laporan akhir pengawasan logistik pemilu dan pemilihan kabupaten pesawaran tahun,laporan akhir pengawasan logistik pemilu pemilihan kabupaten pesawaran tahun
D093,Lampung,Pengawasan Logistik,Laporan pengawasan logistik Pemilu dan Pemilihan Kabupaten Pringsewu Tahun 2024.,laporan pengawasan logistik pemilu dan pemilihan kabupaten pringsewu tahun,laporan pengawasan logistik pemilu dan pemilihan kabupaten pringsewu tahun,laporan pengawasan logistik pemilu dan pemilihan kabupaten pringsewu tahun,laporan pengawasan logistik pemilu pemilihan kabupaten pringsewu tahun
D094,Lampung,Pengawasan Logistik,Laporan pengawasan logistik Pemilu dan Pemilihan Kabupaten Tanggamus Tahun 2024.,laporan pengawasan logistik pemilu dan pemilihan kabupaten tanggamus tahun,laporan pengawasan logistik pemilu dan pemilihan kabupaten tanggamus tahun,laporan pengawasan logistik pemilu dan pemilihan kabupaten tanggamus tahun,laporan pengawasan logistik pemilu pemilihan kabupaten tanggamus tahun
D095,Lampung,Pengawasan Logistik,Laporan pengawasan logistik Pemilu dan Pemilihan Kota Bandar Lampung Tahun 2024.,laporan pengawasan logistik pemilu dan pemilihan kota bandar lampung tahun,laporan pengawasan logistik pemilu dan pemilihan kota bandar lampung tahun,laporan pengawasan logistik pemilu dan pemilihan kota bandar lampung tahun,laporan pengawasan logistik pemilu pemilihan kota bandar lampung tahun
D096,Maluku Utara,Pengawasan Logistik,Laporan pengawasan logistik Pemilihan Tahun 2024 Provinsi Maluku Utara.,laporan pengawasan logistik pemilihan tahun provinsi maluku utara,laporan pengawasan logistik pemilihan tahun provinsi maluku utara,laporan pengawasan logistik pemilihan tahun provinsi maluku utara,laporan pengawasan logistik pemilihan tahun provinsi maluku utara
D097,Maluku,Logistik PSU,Laporan pengawasan logistik Pemungutan Suara Ulang (PSU) Kabupaten Buru Tahun 2024.,laporan pengawasan logistik pemungutan suara ulang psu kabupaten buru tahun,laporan pengawasan logistik pemungutan suara ulang psu kabupaten buru tahun,laporan pengawasan logistik pemungutan suara ulang psu kabupaten buru tahun,laporan pengawasan logistik pemungutan suara ulang psu kabupaten buru tahun
D098,NTB,Pengawasan Logistik,Laporan pengawasan logistik Pemilu dan Pemilihan Provinsi Nusa Tenggara Barat Tahun 2024.,laporan pengawasan logistik pemilu dan pemilihan provinsi nusa tenggara barat tahun,laporan pengawasan logistik pemilu dan pemilihan provinsi nusa tenggara barat tahun,laporan pengawasan logistik pemilu dan pemilihan provinsi nusa tenggara barat tahun,laporan pengawasan logistik pemilu pemilihan provinsi nusa tenggara barat tahun
D099,NTT,Pengawasan Logistik,Laporan pengawasan logistik Pemilu dan Pemilihan Provinsi Nusa Tenggara Timur Tahun 2024.,laporan pengawasan logistik pemilu dan pemilihan provinsi nusa tenggara timur tahun,laporan pengawasan logistik pemilu dan pemilihan provinsi nusa tenggara timur tahun,laporan pengawasan logistik pemilu dan pemilihan provinsi nusa tenggara timur tahun,laporan pengawasan logistik pemilu pemilihan provinsi nusa tenggara timur tahun
D100,Papua Barat,Pengawasan Logistik,Laporan pengawasan logistik Pemilu dan Pemilihan Provinsi Papua Barat Tahun 2024.,laporan pengawasan logistik pemilu dan pemilihan provinsi papua barat tahun,laporan pengawasan logistik pemilu dan pemilihan provinsi papua barat tahun,laporan pengawasan logistik pemilu dan pemilihan provinsi papua barat tahun,laporan pengawasan logistik pemilu pemilihan provinsi papua barat tahun
D101,Papua Barat,Pengawasan Logistik,Laporan pengawasan logistik Pemilihan Serentak Kabupaten Teluk Wondama Tahun 2024.,laporan pengawasan logistik pemilihan serentak kabupaten teluk wondama tahun,laporan pengawasan logistik pemilihan serentak kabupaten teluk wondama tahun,laporan pengawasan logistik pemilihan serentak kabupaten teluk wondama tahun,laporan pengawasan logistik pemilihan serentak kabupaten teluk wondama tahun
D102,Papua Barat,Pengawasan Logistik,Laporan akhir pengawasan logistik Pemilu dan Pemilihan Kabupaten Manokwari Selatan Tahun 2024.,laporan akhir pengawasan logistik pemilu dan pemilihan kabupaten manokwari selatan tahun,laporan akhir pengawasan logistik pemilu dan pemilihan kabupaten manokwari selatan tahun,laporan akhir pengawasan logistik pemilu dan pemilihan kabupaten manokwari selatan tahun,laporan akhir pengawasan logistik pemilu pemilihan kabupaten manokwari selatan tahun
D103,Papua Barat,Pengawasan Logistik,Laporan pengawasan logistik Pemilu dan Pemilihan Kabupaten Fakfak Tahun 2024.,laporan pengawasan logistik pemilu dan pemilihan kabupaten fakfak tahun,laporan pengawasan logistik pemilu dan pemilihan kabupaten fakfak tahun,laporan pengawasan logistik pemilu dan pemilihan kabupaten fakfak tahun,laporan pengawasan logistik pemilu pemilihan kabupaten fakfak tahun
Document_ID,Provinsi,Kategori_Isu,Text,text,text,text,text
D104,Riau,Logistik PSU,Laporan pengawasan logistik pada Pemungutan Suara Ulang (PSU) Tahun 2024 di Provinsi Riau.,laporan pengawasan logistik pada pemungutan suara ulang psu tahun di provinsi riau,laporan pengawasan logistik pada pemungutan suara ulang psu tahun di provinsi riau,laporan pengawasan logistik pada pemungutan suara ulang psu tahun di provinsi riau,laporan pengawasan logistik pemungutan suara ulang psu tahun provinsi riau
D105,Sulawesi Selatan,Pengawasan Logistik,Laporan pengawasan logistik pada Pemilihan Tahun 2024 di Provinsi Sulawesi Selatan.,laporan pengawasan logistik pada pemilihan tahun di provinsi sulawesi selatan,laporan pengawasan logistik pada pemilihan tahun di provinsi sulawesi selatan,laporan pengawasan logistik pada pemilihan tahun di provinsi sulawesi selatan,laporan pengawasan logistik pemilihan tahun provinsi sulawesi selatan
D106,Sulawesi Selatan,Pengawasan Logistik,Laporan pengawasan logistik Pemilihan Tahun 2024 Kabupaten Sidenreng Rappang (Sidrap).,laporan pengawasan logistik pemilihan tahun kabupaten sidenreng rappang sidrap,laporan pengawasan logistik pemilihan tahun kabupaten sidenreng rappang sidrap,laporan pengawasan logistik pemilihan tahun kabupaten sidenreng rappang sidrap,laporan pengawasan logistik pemilihan tahun kabupaten sidenreng rappang sidrap
D107,Sulawesi Selatan,Pengawasan Logistik,Laporan pengawasan logistik Pemilu dan Pemilihan Tahun 2024.,laporan pengawasan logistik pemilu dan pemilihan tahun,laporan pengawasan logistik pemilu dan pemilihan tahun,laporan pengawasan logistik pemilu dan pemilihan tahun,laporan pengawasan logistik pemilu pemilihan tahun
D108,Sulawesi Selatan,Pengawasan Logistik,Laporan pengawasan logistik pada tahapan Pemilihan Tahun 2024.,laporan pengawasan logistik pada tahapan pemilihan tahun,laporan pengawasan logistik pada tahapan pemilihan tahun,laporan pengawasan logistik pada tahapan pemilihan tahun,laporan pengawasan logistik tahapan pemilihan tahun
D109,Sulawesi Selatan,Pengawasan Logistik,Laporan pengawasan logistik Pemilihan Tahun 2024 Kabupaten Jeneponto.,laporan pengawasan logistik pemilihan tahun kabupaten jeneponto,laporan pengawasan logistik pemilihan tahun kabupaten jeneponto,laporan pengawasan logistik pemilihan tahun kabupaten jeneponto,laporan pengawasan logistik pemilihan tahun kabupaten jeneponto
D110,Sulawesi Selatan,Distribusi Logistik,Pengawasan distribusi dan pengelolaan logistik Pemilihan Tahun 2024 Kota Makassar.,pengawasan distribusi dan pengelolaan logistik pemilihan tahun kota makassar,pengawasan distribusi dan pengelolaan logistik pemilihan tahun kota makassar,pengawasan distribusi dan pengelolaan logistik pemilihan tahun kota makassar,pengawasan distribusi pengelolaan logistik pemilihan tahun kota makassar
D111,Sulawesi Selatan,Logistik TPS,Pengawasan kesiapan logistik dan perlengkapan TPS pada Pemilihan Tahun 2024 Kabupaten Toraja Utara.,pengawasan kesiapan logistik dan perlengkapan tps pada pemilihan tahun kabupaten toraja utara,pengawasan kesiapan logistik dan perlengkapan tps pada pemilihan tahun kabupaten toraja utara,pengawasan kesiapan logistik dan perlengkapan tps pada pemilihan tahun kabupaten toraja utara,pengawasan kesiapan logistik perlengkapan tps pemilihan tahun kabupaten toraja utara
D112,Sulawesi Tengah,Logistik PSU,Pengawasan distribusi dan kesiapan logistik pada Pemungutan Suara Ulang (PSU).,pengawasan distribusi dan kesiapan logistik pada pemungutan suara ulang psu,pengawasan distribusi dan kesiapan logistik pada pemungutan suara ulang psu,pengawasan distribusi dan kesiapan logistik pada pemungutan suara ulang psu,pengawasan distribusi kesiapan logistik pemungutan suara ulang psu
D113,Sulawesi Tengah,Distribusi Logistik,"Monitoring pengiriman kotak suara, surat suara, dan perlengkapan pemungutan suara untuk PSU.",monitoring pengiriman kotak suara surat suara dan perlengkapan pemungutan suara untuk psu,monitoring pengiriman kotak suara surat suara dan perlengkapan pemungutan suara untuk psu,monitoring pengiriman kotak suara surat suara dan perlengkapan pemungutan suara untuk psu,monitoring pengiriman kotak suara surat suara perlengkapan pemungutan suara psu
D114,Sulawesi Tenggara,Pengawasan Logistik,Laporan pengawasan logistik Pemilu dan Pemilihan Serentak Tahun 2024 di Provinsi Sulawesi Tenggara.,laporan pengawasan logistik pemilu dan pemilihan serentak tahun di provinsi sulawesi tenggara,laporan pengawasan logistik pemilu dan pemilihan serentak tahun di provinsi sulawesi tenggara,laporan pengawasan logistik pemilu dan pemilihan serentak tahun di provinsi sulawesi tenggara,laporan pengawasan logistik pemilu pemilihan serentak tahun provinsi sulawesi tenggara
D115,Sulawesi Tenggara,Distribusi Logistik,"Pengawasan pemenuhan, penyimpanan, dan distribusi logistik Pemilu dan Pemilihan Tahun 2024.",pengawasan pemenuhan penyimpanan dan distribusi logistik pemilu dan pemilihan tahun,pengawasan pemenuhan penyimpanan dan distribusi logistik pemilu dan pemilihan tahun,pengawasan pemenuhan penyimpanan dan distribusi logistik pemilu dan pemilihan tahun,pengawasan pemenuhan penyimpanan distribusi logistik pemilu pemilihan tahun
D116,Sulawesi Tenggara,Evaluasi Logistik,Evaluasi pelaksanaan pengawasan logistik Pemilu dan Pemilihan Serentak Tahun 2024.,evaluasi pelaksanaan pengawasan logistik pemilu dan pemilihan serentak tahun,evaluasi pelaksanaan pengawasan logistik pemilu dan pemilihan serentak tahun,evaluasi pelaksanaan pengawasan logistik pemilu dan pemilihan serentak tahun,evaluasi pelaksanaan pengawasan logistik pemilu pemilihan serentak tahun
D117,Sumatera Barat,Logistik PSU,Laporan pengawasan logistik Pemungutan Suara Ulang (PSU) pasca putusan Mahkamah Konstitusi.,laporan pengawasan logistik pemungutan suara ulang psu pasca putusan mahkamah konstitusi,laporan pengawasan logistik pemungutan suara ulang psu pasca putusan mahkamah konstitusi,laporan pengawasan logistik pemungutan suara ulang psu pasca putusan mahkamah konstitusi,laporan pengawasan logistik pemungutan suara ulang psu pasca putusan mahkamah konstitusi
D118,Sumatera Barat,Distribusi Logistik PSU,Pengawasan distribusi logistik dan perlengkapan pemungutan suara untuk PSU Kabupaten Pasaman.,pengawasan distribusi logistik dan perlengkapan pemungutan suara untuk psu kabupaten pasaman,pengawasan distribusi logistik dan perlengkapan pemungutan suara untuk psu kabupaten pasaman,pengawasan distribusi logistik dan perlengkapan pemungutan suara untuk psu kabupaten pasaman,pengawasan distribusi logistik perlengkapan pemungutan suara psu kabupaten pasaman
D119,Sumatera Barat,Evaluasi PSU,Evaluasi pelaksanaan pengawasan tahapan PSU dan kesiapan logistik pemilu.,evaluasi pelaksanaan pengawasan tahapan psu dan kesiapan logistik pemilu,evaluasi pelaksanaan pengawasan tahapan psu dan kesiapan logistik pemilu,evaluasi pelaksanaan pengawasan tahapan psu dan kesiapan logistik pemilu,evaluasi pelaksanaan pengawasan tahapan psu kesiapan logistik pemilu
D120,Sumatera Utara,Pengawasan Logistik,Laporan pengawasan logistik Pemilu dan Pemilihan Tahun 2024 Provinsi Sumatera Utara.,laporan pengawasan logistik pemilu dan pemilihan tahun provinsi sumatera utara,laporan pengawasan logistik pemilu dan pemilihan tahun provinsi sumatera utara,laporan pengawasan logistik pemilu dan pemilihan tahun provinsi sumatera utara,laporan pengawasan logistik pemilu pemilihan tahun provinsi sumatera utara
D121,Sumatera Utara,Distribusi Logistik,Pengawasan distribusi logistik Pemilu dan Pemilihan sampai tingkat TPS.,pengawasan distribusi logistik pemilu dan pemilihan sampai tingkat tps,pengawasan distribusi logistik pemilu dan pemilihan sampai tingkat tps,pengawasan distribusi logistik pemilu dan pemilihan sampai tingkat tps,pengawasan distribusi logistik pemilu pemilihan tingkat tps
D122,Sumatera Utara,Kerusakan Logistik,"Pengawasan surat suara rusak, kekurangan logistik, dan proses sortir logistik pemilu.",pengawasan surat suara rusak kekurangan logistik dan proses sortir logistik pemilu,pengawasan surat suara rusak kekurangan logistik dan proses sortir logistik pemilu,pengawasan surat suara rusak kekurangan logistik dan proses sortir logistik pemilu,pengawasan surat suara rusak kekurangan logistik proses sortir logistik pemilu
D123,Sumatera Utara,Evaluasi Logistik,Evaluasi pelaksanaan pengawasan logistik Pemilu dan Pemilihan Tahun 2024.,evaluasi pelaksanaan pengawasan logistik pemilu dan pemilihan tahun,evaluasi pelaksanaan pengawasan logistik pemilu dan pemilihan tahun,evaluasi pelaksanaan pengawasan logistik pemilu dan pemilihan tahun,evaluasi pelaksanaan pengawasan logistik pemilu pemilihan tahun
