Document_ID,Provinsi,Kategori_Isu,Text,clean,Token,Normalisasi,stopwords,stemmer,Berita,Topik_Dominan,Probabilitas_Topik
D001,Aceh,Kekurangan Surat Suara,Kekurangan surat suara gubernur sebanyak 622 lembar pada tahap pelipatan logistik pemilu.,kekurangan surat suara gubernur sebanyak lembar pada tahap pelipatan logistik pemilu,kekurangan surat suara gubernur sebanyak lembar pada tahap pelipatan logistik pemilu,kekurangan surat suara gubernur sebanyak lembar pada tahap pelipatan logistik pemilu,kekurangan surat suara gubernur sebanyak lembar tahap pelipatan logistik pemilu,kurang surat suara gubernur banyak lembar tahap lipat logistik milu,kurang surat suara gubernur banyak lembar tahap lipat logistik milu,Topik 3,0.9203001693036249
D002,Aceh,Kelebihan Surat Suara,Kelebihan surat suara gubernur sebanyak 142 lembar setelah pengepakan logistik.,kelebihan surat suara gubernur sebanyak lembar setelah pengepakan logistik,kelebihan surat suara gubernur sebanyak lembar setelah pengepakan logistik,kelebihan surat suara gubernur sebanyak lembar setelah pengepakan logistik,kelebihan surat suara gubernur sebanyak lembar pengepakan logistik,lebih surat suara gubernur banyak lembar epak logistik,lebih surat suara gubernur banyak lembar epak logistik,Topik 3,0.9026882574836581
D003,Aceh,Kekurangan Surat Suara,Kekurangan surat suara walikota sebanyak 347 lembar pada proses pelipatan.,kekurangan surat suara walikota sebanyak lembar pada proses pelipatan,kekurangan surat suara walikota sebanyak lembar pada proses pelipatan,kekurangan surat suara walikota sebanyak lembar pada proses pelipatan,kekurangan surat suara walikota sebanyak lembar proses pelipatan,kurang surat suara walikota banyak lembar proses lipat,kurang surat suara walikota banyak lembar proses lipat,Topik 3,0.7918605166715618
D004,Aceh,Kelebihan Surat Suara,Kelebihan surat suara walikota sebanyak 368 lembar pada tahap pengepakan.,kelebihan surat suara walikota sebanyak lembar pada tahap pengepakan,kelebihan surat suara walikota sebanyak lembar pada tahap pengepakan,kelebihan surat suara walikota sebanyak lembar pada tahap pengepakan,kelebihan surat suara walikota sebanyak lembar tahap pengepakan,lebih surat suara walikota banyak lembar tahap epak,lebih surat suara walikota banyak lembar tahap epak,Topik 3,0.9027496029836519
D005,Aceh,Kerusakan Logistik,Ditemukan 5 kotak suara dalam kondisi rusak saat penerimaan logistik.,ditemukan kotak suara dalam kondisi rusak saat penerimaan logistik,ditemukan kotak suara dalam kondisi rusak saat penerimaan logistik,ditemukan kotak suara dalam kondisi rusak saat penerimaan logistik,ditemukan kotak suara kondisi rusak penerimaan logistik,temu kotak suara kondisi rusak terima logistik,temu kotak suara kondisi rusak terima logistik,Topik 4,0.3541946600677305
D006,Aceh,Kekurangan Perlengkapan TPS,Kekurangan tanda pengenal KPPS sebanyak 21 set.,kekurangan tanda pengenal kpps sebanyak set,kekurangan tanda pengenal kpps sebanyak set,kekurangan tanda pengenal kpps sebanyak set,kekurangan tanda pengenal kpps sebanyak set,kurang tanda kenal kpps banyak set,kurang tanda kenal kpps banyak set,Topik 3,0.7083333169025484
D007,Aceh,Kekurangan Perlengkapan TPS,Kekurangan kantong plastik sedang sebanyak 5 buah.,kekurangan kantong plastik sedang sebanyak buah,kekurangan kantong plastik sedang sebanyak buah,kekurangan kantong plastik sedang sebanyak buah,kekurangan kantong plastik sedang sebanyak buah,kurang kantong plastik sedang banyak buah,kurang kantong plastik sedang banyak buah,Topik 3,0.7812499812973166
D008,Aceh,Kelebihan Perlengkapan TPS,Kelebihan kabel ties sebanyak 38 buah.,kelebihan kabel ties sebanyak buah,kelebihan kabel ties sebanyak buah,kelebihan kabel ties sebanyak buah,kelebihan kabel ties sebanyak buah,lebih kabel ties banyak buah,lebih kabel ties banyak buah,Topik 3,0.7812499794248378
D009,Aceh,Kelebihan Perlengkapan TPS,Kelebihan template tuna netra walikota sebanyak 4 buah.,kelebihan template tuna netra walikota sebanyak buah,kelebihan template tuna netra walikota sebanyak buah,kelebihan template tuna netra walikota sebanyak buah,kelebihan template tuna netra walikota sebanyak buah,lebih template tuna netra walikota banyak buah,lebih template tuna netra walikota banyak buah,Topik 3,0.8249999833466636
D010,Aceh,Kelebihan Formulir,Kelebihan formulir C Hasil Salinan Walikota sebanyak 8 rangkap.,kelebihan formulir c hasil salinan walikota sebanyak rangkap,kelebihan formulir c hasil salinan walikota sebanyak rangkap,kelebihan formulir c hasil salinan walikota sebanyak rangkap,kelebihan formulir hasil salinan walikota sebanyak rangkap,lebih formulir hasil salin walikota banyak rangkap,lebih formulir hasil salin walikota banyak rangkap,Topik 3,0.8249792287473472
D011,Bali,Distribusi Logistik,Pengawasan distribusi logistik Pemilu dan Pemilihan Tahun 2024.,pengawasan distribusi logistik pemilu dan pemilihan tahun,pengawasan distribusi logistik pemilu dan pemilihan tahun,pengawasan distribusi logistik pemilu dan pemilihan tahun,pengawasan distribusi logistik pemilu pemilihan tahun,awas distribusi logistik milu pilih tahun,awas distribusi logistik milu pilih tahun,Topik 2,0.8748700210958897
D012,Bali,Pengadaan Logistik,Monitoring pengadaan logistik Pemilu dan Pilkada Tahun 2024.,monitoring pengadaan logistik pemilu dan pilkada tahun,monitoring pengadaan logistik pemilu dan pilkada tahun,monitoring pengadaan logistik pemilu dan pilkada tahun,monitoring pengadaan logistik pemilu pilkada tahun,monitoring ada logistik milu pilkada tahun,monitoring ada logistik milu pilkada tahun,Topik 1,0.8748985962176131
D013,Bali,Kekurangan Logistik,Temuan ketidaksesuaian jumlah logistik pada tingkat TPS.,temuan ketidaksesuaian jumlah logistik pada tingkat tps,temuan ketidaksesuaian jumlah logistik pada tingkat tps,temuan ketidaksesuaian jumlah logistik pada tingkat tps,temuan ketidaksesuaian jumlah logistik tingkat tps,temu ketidaksesuaian jumlah logistik tingkat tps,temu ketidaksesuaian jumlah logistik tingkat tps,Topik 6,0.8541065779761287
D014,Bali,Distribusi Logistik,Pengawasan distribusi surat suara ke wilayah kabupaten/kota.,pengawasan distribusi surat suara ke wilayah kabupaten kota,pengawasan distribusi surat suara ke wilayah kabupaten kota,pengawasan distribusi surat suara ke wilayah kabupaten kota,pengawasan distribusi surat suara wilayah kabupaten kota,awas distribusi surat suara wilayah kabupaten kota,awas distribusi surat suara wilayah kabupaten kota,Topik 7,0.8905240588682644
D015,Bali,Administrasi Logistik,Pengawasan administrasi dan pelaporan logistik Pemilu 2024.,pengawasan administrasi dan pelaporan logistik pemilu,pengawasan administrasi dan pelaporan logistik pemilu,pengawasan administrasi dan pelaporan logistik pemilu,pengawasan administrasi pelaporan logistik pemilu,awas administrasi lapor logistik milu,awas administrasi lapor logistik milu,Topik 5,0.8248345114633056
D016,Bali,Logistik TPS,Monitoring perlengkapan TPS pada tahapan pemungutan suara.,monitoring perlengkapan tps pada tahapan pemungutan suara,monitoring perlengkapan tps pada tahapan pemungutan suara,monitoring perlengkapan tps pada tahapan pemungutan suara,monitoring perlengkapan tps tahapan pemungutan suara,monitoring lengkap tps tahap mungut suara,monitoring lengkap tps tahap mungut suara,Topik 4,0.7026312038879486
D017,Bali,Keterlambatan Distribusi,Distribusi logistik mengalami keterlambatan ke beberapa wilayah.,distribusi logistik mengalami keterlambatan ke beberapa wilayah,distribusi logistik mengalami keterlambatan ke beberapa wilayah,distribusi logistik mengalami keterlambatan ke beberapa wilayah,distribusi logistik mengalami keterlambatan beberapa wilayah,distribusi logistik alami lambat beberapa wilayah,distribusi logistik alami lambat beberapa wilayah,Topik 7,0.8248914997281372
D018,Bali,Pengawasan Logistik,Laporan akhir pengawasan logistik Pemilu dan Pilkada Tahun 2024.,laporan akhir pengawasan logistik pemilu dan pilkada tahun,laporan akhir pengawasan logistik pemilu dan pilkada tahun,laporan akhir pengawasan logistik pemilu dan pilkada tahun,laporan akhir pengawasan logistik pemilu pilkada tahun,lapor akhir awas logistik milu pilkada tahun,lapor akhir awas logistik milu pilkada tahun,Topik 5,0.7082324148039503
D019,Bali,Evaluasi Logistik,Evaluasi pengelolaan logistik Pemilu dan Pilkada Tahun 2024.,evaluasi pengelolaan logistik pemilu dan pilkada tahun,evaluasi pengelolaan logistik pemilu dan pilkada tahun,evaluasi pengelolaan logistik pemilu dan pilkada tahun,evaluasi pengelolaan logistik pemilu pilkada tahun,evaluasi kelola logistik milu pilkada tahun,evaluasi kelola logistik milu pilkada tahun,Topik 1,0.7264699731978603
D020,Bangka Belitung,Distribusi Logistik,Pengawasan distribusi logistik Pemilu dan Pilkada Bangka Belitung.,pengawasan distribusi logistik pemilu dan pilkada bangka belitung,pengawasan distribusi logistik pemilu dan pilkada bangka belitung,pengawasan distribusi logistik pemilu dan pilkada bangka belitung,pengawasan distribusi logistik pemilu pilkada bangka belitung,awas distribusi logistik milu pilkada bangka belitung,awas distribusi logistik milu pilkada bangka belitung,Topik 2,0.6064362987503229
D021,Bangka Belitung,Pengadaan Logistik,Monitoring pengadaan logistik Pemilu Tahun 2024.,monitoring pengadaan logistik pemilu tahun,monitoring pengadaan logistik pemilu tahun,monitoring pengadaan logistik pemilu tahun,monitoring pengadaan logistik pemilu tahun,monitoring ada logistik milu tahun,monitoring ada logistik milu tahun,Topik 1,0.8540220054057642
D022,Bangka Belitung,Keterlambatan Distribusi,Terdapat keterlambatan distribusi logistik ke wilayah tertentu.,terdapat keterlambatan distribusi logistik ke wilayah tertentu,terdapat keterlambatan distribusi logistik ke wilayah tertentu,terdapat keterlambatan distribusi logistik ke wilayah tertentu,terdapat keterlambatan distribusi logistik wilayah tertentu,dapat lambat distribusi logistik wilayah tentu,dapat lambat distribusi logistik wilayah tentu,Topik 7,0.8248914997281372
D023,Bangka Belitung,Kekurangan Logistik,Ditemukan kekurangan logistik pada tahapan distribusi.,ditemukan kekurangan logistik pada tahapan distribusi,ditemukan kekurangan logistik pada tahapan distribusi,ditemukan kekurangan logistik pada tahapan distribusi,ditemukan kekurangan logistik tahapan distribusi,temu kurang logistik tahap distribusi,temu kurang logistik tahap distribusi,Topik 6,0.42504621596753656
D024,Bangka Belitung,Pengawasan PSU,Pengawasan pengadaan dan distribusi logistik PSU Tahun 2025.,pengawasan pengadaan dan distribusi logistik psu tahun,pengawasan pengadaan dan distribusi logistik psu tahun,pengawasan pengadaan dan distribusi logistik psu tahun,pengawasan pengadaan distribusi logistik psu tahun,awas ada distribusi logistik psu tahun,awas ada distribusi logistik psu tahun,Topik 7,0.8748620774725838
D025,Bangka Belitung,Evaluasi Logistik,Evaluasi pelaksanaan distribusi logistik Pemilu dan Pilkada.,evaluasi pelaksanaan distribusi logistik pemilu dan pilkada,evaluasi pelaksanaan distribusi logistik pemilu dan pilkada,evaluasi pelaksanaan distribusi logistik pemilu dan pilkada,evaluasi pelaksanaan distribusi logistik pemilu pilkada,evaluasi laksana distribusi logistik milu pilkada,evaluasi laksana distribusi logistik milu pilkada,Topik 1,0.6527565612581486
Document_ID,Provinsi,Kategori_Isu,Text,text,text,text,text,text,text,Topik 8,0.5624998876109575
D046,Jawa Barat,Pengawasan Logistik,Laporan pengawasan logistik Pemilu dan Pemilihan 2024 Kabupaten Garut.,laporan pengawasan logistik pemilu dan pemilihan kabupaten garut,laporan pengawasan logistik pemilu dan pemilihan kabupaten garut,laporan pengawasan logistik pemilu dan pemilihan kabupaten garut,laporan pengawasan logistik pemilu pemilihan kabupaten garut,lapor awas logistik milu pilih kabupaten garut,lapor awas logistik milu pilih kabupaten garut,Topik 5,0.7103220208781267
D047,Jawa Barat,Distribusi Logistik,Pengawasan tahapan distribusi logistik Pemilu ke seluruh kecamatan di Kabupaten Garut.,pengawasan tahapan distribusi logistik pemilu ke seluruh kecamatan di kabupaten garut,pengawasan tahapan distribusi logistik pemilu ke seluruh kecamatan di kabupaten garut,pengawasan tahapan distribusi logistik pemilu ke seluruh kecamatan di kabupaten garut,pengawasan tahapan distribusi logistik pemilu seluruh kecamatan kabupaten garut,awas tahap distribusi logistik milu seluruh camat kabupaten garut,awas tahap distribusi logistik milu seluruh camat kabupaten garut,Topik 6,0.632819136569199
D048,Jawa Barat,Pengadaan Logistik,Pengawasan proses pengadaan dan ketepatan jumlah logistik Pemilu 2024.,pengawasan proses pengadaan dan ketepatan jumlah logistik pemilu,pengawasan proses pengadaan dan ketepatan jumlah logistik pemilu,pengawasan proses pengadaan dan ketepatan jumlah logistik pemilu,pengawasan proses pengadaan ketepatan jumlah logistik pemilu,awas proses ada tepat jumlah logistik milu,awas proses ada tepat jumlah logistik milu,Topik 2,0.8905588856429683
D049,Jawa Barat,Logistik TPS,Pengawasan kelengkapan serta pemenuhan perlengkapan pemungutan suara di TPS.,pengawasan kelengkapan serta pemenuhan perlengkapan pemungutan suara di tps,pengawasan kelengkapan serta pemenuhan perlengkapan pemungutan suara di tps,pengawasan kelengkapan serta pemenuhan perlengkapan pemungutan suara di tps,pengawasan kelengkapan pemenuhan perlengkapan pemungutan suara tps,awas lengkap penuh lengkap mungut suara tps,awas lengkap penuh lengkap mungut suara tps,Topik 4,0.7062603782515396
D050,Jawa Barat,Evaluasi Logistik,Evaluasi menyeluruh terhadap hasil pengawasan logistik Pemilu 2024 Kabupaten Garut.,evaluasi menyeluruh terhadap hasil pengawasan logistik pemilu kabupaten garut,evaluasi menyeluruh terhadap hasil pengawasan logistik pemilu kabupaten garut,evaluasi menyeluruh terhadap hasil pengawasan logistik pemilu kabupaten garut,evaluasi menyeluruh hasil pengawasan logistik pemilu kabupaten garut,evaluasi seluruh hasil awas logistik milu kabupaten garut,evaluasi seluruh hasil awas logistik milu kabupaten garut,Topik 6,0.9026477444247819
Document_ID,Provinsi,Kategori_Isu,Text,text,text,text,text,text,text,Topik 8,0.5624998876109575
D051,Jawa Tengah,Pengawasan Logistik,Ruang lingkup laporan pengawasan logistik Pemilu 2024 mencakup manajemen risiko dan pemantauan logistik di Kabupaten Rembang.,ruang lingkup laporan pengawasan logistik pemilu mencakup manajemen risiko dan pemantauan logistik di kabupaten rembang,ruang lingkup laporan pengawasan logistik pemilu mencakup manajemen risiko dan pemantauan logistik di kabupaten rembang,ruang lingkup laporan pengawasan logistik pemilu mencakup manajemen risiko dan pemantauan logistik di kabupaten rembang,ruang lingkup laporan pengawasan logistik pemilu mencakup manajemen risiko pemantauan logistik kabupaten rembang,ruang lingkup lapor awas logistik milu cakup manajemen risiko pantau logistik kabupaten rembang,ruang lingkup lapor awas logistik milu cakup manajemen risiko pantau logistik kabupaten rembang,Topik 5,0.8748889151756492
D052,Jawa Tengah,Evaluasi Logistik,Evaluasi pengawasan logistik terkait pengadaan surat suara DPD dari KPU Provinsi Jawa Tengah untuk PSU di Kabupaten Sukoharjo.,evaluasi pengawasan logistik terkait pengadaan surat suara dpd dari kpu provinsi jawa tengah untuk psu di kabupaten sukoharjo,evaluasi pengawasan logistik terkait pengadaan surat suara dpd dari kpu provinsi jawa tengah untuk psu di kabupaten sukoharjo,evaluasi pengawasan logistik terkait pengadaan surat suara dpd dari kpu provinsi jawa tengah untuk psu di kabupaten sukoharjo,evaluasi pengawasan logistik terkait pengadaan surat suara dpd kpu provinsi jawa tengah psu kabupaten sukoharjo,evaluasi awas logistik kait ada surat suara dpd kpu provinsi jawa tengah psu kabupaten sukoharjo,evaluasi awas logistik kait ada surat suara dpd kpu provinsi jawa tengah psu kabupaten sukoharjo,Topik 7,0.5020138343742037
D053,Jawa Tengah,Distribusi Logistik,Pengawasan melekat terhadap kepatuhan prosedur dan ketepatan waktu pendistribusian logistik Pemilu di Kabupaten Kudus.,pengawasan melekat terhadap kepatuhan prosedur dan ketepatan waktu pendistribusian logistik pemilu di kabupaten kudus,pengawasan melekat terhadap kepatuhan prosedur dan ketepatan waktu pendistribusian logistik pemilu di kabupaten kudus,pengawasan melekat terhadap kepatuhan prosedur dan ketepatan waktu pendistribusian logistik pemilu di kabupaten kudus,pengawasan melekat kepatuhan prosedur ketepatan waktu pendistribusian logistik pemilu kabupaten kudus,awas lekat patuh prosedur tepat waktu distribusi logistik milu kabupaten kudus,awas lekat patuh prosedur tepat waktu distribusi logistik milu kabupaten kudus,Topik 2,0.874786765195493
D054,Jawa Tengah,Logistik TPS,"Pengawasan ketersediaan perlengkapan pemungutan suara, dukungan perlengkapan lainnya, serta perlengkapan pemungutan suara di TPS.",pengawasan ketersediaan perlengkapan pemungutan suara dukungan perlengkapan lainnya serta perlengkapan pemungutan suara di tps,pengawasan ketersediaan perlengkapan pemungutan suara dukungan perlengkapan lainnya serta perlengkapan pemungutan suara di tps,pengawasan ketersediaan perlengkapan pemungutan suara dukungan perlengkapan lainnya serta perlengkapan pemungutan suara di tps,pengawasan ketersediaan perlengkapan pemungutan suara dukungan perlengkapan lainnya perlengkapan pemungutan suara tps,awas sedia lengkap mungut suara dukung lengkap lain lengkap mungut suara tps,awas sedia lengkap mungut suara dukung lengkap lain lengkap mungut suara tps,Topik 4,0.9124463369698457
D055,Jawa Tengah,Instruksi Logistik,Pelaksanaan instruksi Bawaslu Provinsi Jawa Tengah terkait pengawasan ketat pengadaan dan distribusi logistik Pemilu 2024.,pelaksanaan instruksi bawaslu provinsi jawa tengah terkait pengawasan ketat pengadaan dan distribusi logistik pemilu,pelaksanaan instruksi bawaslu provinsi jawa tengah terkait pengawasan ketat pengadaan dan distribusi logistik pemilu,pelaksanaan instruksi bawaslu provinsi jawa tengah terkait pengawasan ketat pengadaan dan distribusi logistik pemilu,pelaksanaan instruksi bawaslu provinsi jawa tengah terkait pengawasan ketat pengadaan distribusi logistik pemilu,laksana instruksi bawaslu provinsi jawa tengah kait awas ketat ada distribusi logistik milu,laksana instruksi bawaslu provinsi jawa tengah kait awas ketat ada distribusi logistik milu,Topik 2,0.45655259168531925
Document_ID,Provinsi,Kategori_Isu,Text,text,text,text,text,text,text,Topik 8,0.5624998876109575
D056,Kalimantan Barat,Pengawasan Logistik,Laporan akhir pengawasan logistik Pemilu dan Pemilihan Tahun 2024 di Provinsi Kalimantan Barat.,laporan akhir pengawasan logistik pemilu dan pemilihan tahun di provinsi kalimantan barat,laporan akhir pengawasan logistik pemilu dan pemilihan tahun di provinsi kalimantan barat,laporan akhir pengawasan logistik pemilu dan pemilihan tahun di provinsi kalimantan barat,laporan akhir pengawasan logistik pemilu pemilihan tahun provinsi kalimantan barat,lapor akhir awas logistik milu pilih tahun provinsi kalimantan barat,lapor akhir awas logistik milu pilih tahun provinsi kalimantan barat,Topik 5,0.46646541309363715
D057,Kalimantan Barat,Distribusi Logistik,Pengawasan distribusi logistik Pemilu dan Pemilihan pada wilayah Kalimantan Barat.,pengawasan distribusi logistik pemilu dan pemilihan pada wilayah kalimantan barat,pengawasan distribusi logistik pemilu dan pemilihan pada wilayah kalimantan barat,pengawasan distribusi logistik pemilu dan pemilihan pada wilayah kalimantan barat,pengawasan distribusi logistik pemilu pemilihan wilayah kalimantan barat,awas distribusi logistik milu pilih wilayah kalimantan barat,awas distribusi logistik milu pilih wilayah kalimantan barat,Topik 2,0.9027128536815302
D058,Kalimantan Barat,Logistik TPS,Pengawasan perlengkapan TPS pada tahapan Pemilu dan Pemilihan Tahun 2024.,pengawasan perlengkapan tps pada tahapan pemilu dan pemilihan tahun,pengawasan perlengkapan tps pada tahapan pemilu dan pemilihan tahun,pengawasan perlengkapan tps pada tahapan pemilu dan pemilihan tahun,pengawasan perlengkapan tps tahapan pemilu pemilihan tahun,awas lengkap tps tahap milu pilih tahun,awas lengkap tps tahap milu pilih tahun,Topik 5,0.4413287102039994
D059,Kalimantan Barat,Evaluasi Logistik,Evaluasi pelaksanaan pengawasan logistik Pemilu dan Pemilihan Tahun 2024.,evaluasi pelaksanaan pengawasan logistik pemilu dan pemilihan tahun,evaluasi pelaksanaan pengawasan logistik pemilu dan pemilihan tahun,evaluasi pelaksanaan pengawasan logistik pemilu dan pemilihan tahun,evaluasi pelaksanaan pengawasan logistik pemilu pemilihan tahun,evaluasi laksana awas logistik milu pilih tahun,evaluasi laksana awas logistik milu pilih tahun,Topik 8,0.8905244059660606
D060,Kalimantan Barat,Administrasi Logistik,Pelaporan dan dokumentasi pengawasan logistik Pemilu dan Pemilihan Tahun 2024.,pelaporan dan dokumentasi pengawasan logistik pemilu dan pemilihan tahun,pelaporan dan dokumentasi pengawasan logistik pemilu dan pemilihan tahun,pelaporan dan dokumentasi pengawasan logistik pemilu dan pemilihan tahun,pelaporan dokumentasi pengawasan logistik pemilu pemilihan tahun,lapor dokumentasi awas logistik milu pilih tahun,lapor dokumentasi awas logistik milu pilih tahun,Topik 5,0.8905538746817806
D061,Kalimantan Selatan,Pengawasan Logistik,Laporan akhir pengawasan logistik Pemilu dan Pemilihan Tahun 2024 di Provinsi Kalimantan Selatan.,laporan akhir pengawasan logistik pemilu dan pemilihan tahun di provinsi kalimantan selatan,laporan akhir pengawasan logistik pemilu dan pemilihan tahun di provinsi kalimantan selatan,laporan akhir pengawasan logistik pemilu dan pemilihan tahun di provinsi kalimantan selatan,laporan akhir pengawasan logistik pemilu pemilihan tahun provinsi kalimantan selatan,lapor akhir awas logistik milu pilih tahun provinsi kalimantan selatan,lapor akhir awas logistik milu pilih tahun provinsi kalimantan selatan,Topik 8,0.9203939830593824
D062,Kalimantan Selatan,Distribusi Logistik,Pengawasan distribusi logistik Pemilu dan Pemilihan di wilayah Kalimantan Selatan.,pengawasan distribusi logistik pemilu dan pemilihan di wilayah kalimantan selatan,pengawasan distribusi logistik pemilu dan pemilihan di wilayah kalimantan selatan,pengawasan distribusi logistik pemilu dan pemilihan di wilayah kalimantan selatan,pengawasan distribusi logistik pemilu pemilihan wilayah kalimantan selatan,awas distribusi logistik milu pilih wilayah kalimantan selatan,awas distribusi logistik milu pilih wilayah kalimantan selatan,Topik 2,0.6610652596842321
D063,Kalimantan Selatan,Pengadaan Logistik,Pengawasan pengadaan logistik Pemilu dan Pemilihan Tahun 2024.,pengawasan pengadaan logistik pemilu dan pemilihan tahun,pengawasan pengadaan logistik pemilu dan pemilihan tahun,pengawasan pengadaan logistik pemilu dan pemilihan tahun,pengawasan pengadaan logistik pemilu pemilihan tahun,awas ada logistik milu pilih tahun,awas ada logistik milu pilih tahun,Topik 2,0.8748643230837935
D064,Kalimantan Selatan,Kekurangan Logistik,Temuan kendala dan kekurangan logistik pada tahapan penyelenggaraan Pemilu.,temuan kendala dan kekurangan logistik pada tahapan penyelenggaraan pemilu,temuan kendala dan kekurangan logistik pada tahapan penyelenggaraan pemilu,temuan kendala dan kekurangan logistik pada tahapan penyelenggaraan pemilu,temuan kendala kekurangan logistik tahapan penyelenggaraan pemilu,temu kendala kurang logistik tahap selenggara milu,temu kendala kurang logistik tahap selenggara milu,Topik 6,0.6496766818339197
D065,Kalimantan Selatan,Evaluasi Logistik,Evaluasi pelaksanaan pengawasan logistik Pemilu dan Pemilihan Tahun 2024.,evaluasi pelaksanaan pengawasan logistik pemilu dan pemilihan tahun,evaluasi pelaksanaan pengawasan logistik pemilu dan pemilihan tahun,evaluasi pelaksanaan pengawasan logistik pemilu dan pemilihan tahun,evaluasi pelaksanaan pengawasan logistik pemilu pemilihan tahun,evaluasi laksana awas logistik milu pilih tahun,evaluasi laksana awas logistik milu pilih tahun,Topik 8,0.8905244059660606
D066,Kalimantan Tengah,Pengawasan Logistik,Laporan akhir pengawasan logistik Pemilu dan Pemilihan Tahun 2024 di Provinsi Kalimantan Tengah.,laporan akhir pengawasan logistik pemilu dan pemilihan tahun di provinsi kalimantan tengah,laporan akhir pengawasan logistik pemilu dan pemilihan tahun di provinsi kalimantan tengah,laporan akhir pengawasan logistik pemilu dan pemilihan tahun di provinsi kalimantan tengah,laporan akhir pengawasan logistik pemilu pemilihan tahun provinsi kalimantan tengah,lapor akhir awas logistik milu pilih tahun provinsi kalimantan tengah,lapor akhir awas logistik milu pilih tahun provinsi kalimantan tengah,Topik 8,0.7221249852203948
D067,Kalimantan Tengah,Distribusi Logistik,Pengawasan distribusi logistik Pemilu dan Pemilihan di wilayah Kalimantan Tengah.,pengawasan distribusi logistik pemilu dan pemilihan di wilayah kalimantan tengah,pengawasan distribusi logistik pemilu dan pemilihan di wilayah kalimantan tengah,pengawasan distribusi logistik pemilu dan pemilihan di wilayah kalimantan tengah,pengawasan distribusi logistik pemilu pemilihan wilayah kalimantan tengah,awas distribusi logistik milu pilih wilayah kalimantan tengah,awas distribusi logistik milu pilih wilayah kalimantan tengah,Topik 2,0.9027220800225815
D068,Kalimantan Tengah,Pengadaan Logistik,Pengawasan pengadaan logistik Pemilu dan Pemilihan Tahun 2024.,pengawasan pengadaan logistik pemilu dan pemilihan tahun,pengawasan pengadaan logistik pemilu dan pemilihan tahun,pengawasan pengadaan logistik pemilu dan pemilihan tahun,pengawasan pengadaan logistik pemilu pemilihan tahun,awas ada logistik milu pilih tahun,awas ada logistik milu pilih tahun,Topik 2,0.8748643230837935
D069,Kalimantan Tengah,Logistik PSU,Pengawasan logistik pada pelaksanaan Pemungutan Suara Ulang (PSU).,pengawasan logistik pada pelaksanaan pemungutan suara ulang psu,pengawasan logistik pada pelaksanaan pemungutan suara ulang psu,pengawasan logistik pada pelaksanaan pemungutan suara ulang psu,pengawasan logistik pelaksanaan pemungutan suara ulang psu,awas logistik laksana mungut suara ulang psu,awas logistik laksana mungut suara ulang psu,Topik 7,0.7394402237456581
D070,Kalimantan Tengah,Evaluasi Logistik,Evaluasi pelaksanaan pengawasan logistik Pemilu dan Pemilihan Tahun 2024.,evaluasi pelaksanaan pengawasan logistik pemilu dan pemilihan tahun,evaluasi pelaksanaan pengawasan logistik pemilu dan pemilihan tahun,evaluasi pelaksanaan pengawasan logistik pemilu dan pemilihan tahun,evaluasi pelaksanaan pengawasan logistik pemilu pemilihan tahun,evaluasi laksana awas logistik milu pilih tahun,evaluasi laksana awas logistik milu pilih tahun,Topik 8,0.8905244059660606
D071,Kalimantan Utara,Pengawasan Logistik,Laporan akhir pengawasan logistik Pemilu dan Pemilihan Tahun 2024 di Provinsi Kalimantan Utara.,laporan akhir pengawasan logistik pemilu dan pemilihan tahun di provinsi kalimantan utara,laporan akhir pengawasan logistik pemilu dan pemilihan tahun di provinsi kalimantan utara,laporan akhir pengawasan logistik pemilu dan pemilihan tahun di provinsi kalimantan utara,laporan akhir pengawasan logistik pemilu pemilihan tahun provinsi kalimantan utara,lapor akhir awas logistik milu pilih tahun provinsi kalimantan utara,lapor akhir awas logistik milu pilih tahun provinsi kalimantan utara,Topik 8,0.920400296444382
D072,Kalimantan Utara,Distribusi Logistik,Pengawasan distribusi logistik Pemilu dan Pemilihan di wilayah Kalimantan Utara.,pengawasan distribusi logistik pemilu dan pemilihan di wilayah kalimantan utara,pengawasan distribusi logistik pemilu dan pemilihan di wilayah kalimantan utara,pengawasan distribusi logistik pemilu dan pemilihan di wilayah kalimantan utara,pengawasan distribusi logistik pemilu pemilihan wilayah kalimantan utara,awas distribusi logistik milu pilih wilayah kalimantan utara,awas distribusi logistik milu pilih wilayah kalimantan utara,Topik 2,0.6610680485210173
D073,Kalimantan Utara,Pengadaan Logistik,Pengawasan pengadaan logistik Pemilu dan Pemilihan Tahun 2024.,pengawasan pengadaan logistik pemilu dan pemilihan tahun,pengawasan pengadaan logistik pemilu dan pemilihan tahun,pengawasan pengadaan logistik pemilu dan pemilihan tahun,pengawasan pengadaan logistik pemilu pemilihan tahun,awas ada logistik milu pilih tahun,awas ada logistik milu pilih tahun,Topik 2,0.8748643230837935
D074,Kalimantan Utara,Administrasi Logistik,Pelaporan dan dokumentasi pengawasan logistik Pemilu dan Pemilihan Tahun 2024.,pelaporan dan dokumentasi pengawasan logistik pemilu dan pemilihan tahun,pelaporan dan dokumentasi pengawasan logistik pemilu dan pemilihan tahun,pelaporan dan dokumentasi pengawasan logistik pemilu dan pemilihan tahun,pelaporan dokumentasi pengawasan logistik pemilu pemilihan tahun,lapor dokumentasi awas logistik milu pilih tahun,lapor dokumentasi awas logistik milu pilih tahun,Topik 5,0.8905538746817806
D075,Kalimantan Utara,Evaluasi Logistik,Evaluasi pelaksanaan pengawasan logistik Pemilu dan Pemilihan Tahun 2024.,evaluasi pelaksanaan pengawasan logistik pemilu dan pemilihan tahun,evaluasi pelaksanaan pengawasan logistik pemilu dan pemilihan tahun,evaluasi pelaksanaan pengawasan logistik pemilu dan pemilihan tahun,evaluasi pelaksanaan pengawasan logistik pemilu pemilihan tahun,evaluasi laksana awas logistik milu pilih tahun,evaluasi laksana awas logistik milu pilih tahun,Topik 8,0.8905244059660606
Document_ID,Provinsi,Kategori_Isu,Text,text,text,text,text,text,text,Topik 8,0.5624998876109575
D076,Kepulauan Riau,Pengawasan Logistik,Laporan pengawasan logistik Pemilu dan Pemilihan Tahun 2024 di Provinsi Kepulauan Riau.,laporan pengawasan logistik pemilu dan pemilihan tahun di provinsi kepulauan riau,laporan pengawasan logistik pemilu dan pemilihan tahun di provinsi kepulauan riau,laporan pengawasan logistik pemilu dan pemilihan tahun di provinsi kepulauan riau,laporan pengawasan logistik pemilu pemilihan tahun provinsi kepulauan riau,lapor awas logistik milu pilih tahun provinsi pulau riau,lapor awas logistik milu pilih tahun provinsi pulau riau,Topik 5,0.9026976810212745
D077,Lampung,Logistik PSU,Pengawasan logistik dalam Pemungutan Suara Ulang (PSU) Kabupaten Pesawaran Tahun 2024.,pengawasan logistik dalam pemungutan suara ulang psu kabupaten pesawaran tahun,pengawasan logistik dalam pemungutan suara ulang psu kabupaten pesawaran tahun,pengawasan logistik dalam pemungutan suara ulang psu kabupaten pesawaran tahun,pengawasan logistik pemungutan suara ulang psu kabupaten pesawaran tahun,awas logistik mungut suara ulang psu kabupaten sawar tahun,awas logistik mungut suara ulang psu kabupaten sawar tahun,Topik 7,0.772884567562201
D078,Lampung,Pengawasan Logistik,Laporan pengawasan logistik Pemilu dan Pemilihan Kabupaten Tulang Bawang Barat Tahun 2024.,laporan pengawasan logistik pemilu dan pemilihan kabupaten tulang bawang barat tahun,laporan pengawasan logistik pemilu dan pemilihan kabupaten tulang bawang barat tahun,laporan pengawasan logistik pemilu dan pemilihan kabupaten tulang bawang barat tahun,laporan pengawasan logistik pemilu pemilihan kabupaten tulang bawang barat tahun,lapor awas logistik milu pilih kabupaten tulang bawang barat tahun,lapor awas logistik milu pilih kabupaten tulang bawang barat tahun,Topik 5,0.5657547899773147
D079,Lampung,Pengawasan Logistik,Laporan pelaksanaan pengawasan tahapan logistik Kabupaten Tulang Bawang Tahun 2024.,laporan pelaksanaan pengawasan tahapan logistik kabupaten tulang bawang tahun,laporan pelaksanaan pengawasan tahapan logistik kabupaten tulang bawang tahun,laporan pelaksanaan pengawasan tahapan logistik kabupaten tulang bawang tahun,laporan pelaksanaan pengawasan tahapan logistik kabupaten tulang bawang tahun,lapor laksana awas tahap logistik kabupaten tulang bawang tahun,lapor laksana awas tahap logistik kabupaten tulang bawang tahun,Topik 5,0.3503792064390118
D080,Lampung,Pengawasan Logistik,Laporan pengawasan logistik Pemilu dan Pemilihan Kabupaten Lampung Timur Tahun 2024.,laporan pengawasan logistik pemilu dan pemilihan kabupaten lampung timur tahun,laporan pengawasan logistik pemilu dan pemilihan kabupaten lampung timur tahun,laporan pengawasan logistik pemilu dan pemilihan kabupaten lampung timur tahun,laporan pengawasan logistik pemilu pemilihan kabupaten lampung timur tahun,lapor awas logistik milu pilih kabupaten lampung timur tahun,lapor awas logistik milu pilih kabupaten lampung timur tahun,Topik 5,0.7364445834115472
D081,Lampung,Pengawasan Logistik,Laporan pengawasan logistik Pemilu dan Pemilihan Kabupaten Way Kanan Tahun 2024.,laporan pengawasan logistik pemilu dan pemilihan kabupaten way kanan tahun,laporan pengawasan logistik pemilu dan pemilihan kabupaten way kanan tahun,laporan pengawasan logistik pemilu dan pemilihan kabupaten way kanan tahun,laporan pengawasan logistik pemilu pemilihan kabupaten way kanan tahun,lapor awas logistik milu pilih kabupaten way kanan tahun,lapor awas logistik milu pilih kabupaten way kanan tahun,Topik 5,0.8905503039812347
D082,Lampung,Pengawasan Logistik,Laporan pengawasan logistik Pemilu dan Pemilihan Kabupaten Mesuji Tahun 2024.,laporan pengawasan logistik pemilu dan pemilihan kabupaten mesuji tahun,laporan pengawasan logistik pemilu dan pemilihan kabupaten mesuji tahun,laporan pengawasan logistik pemilu dan pemilihan kabupaten mesuji tahun,laporan pengawasan logistik pemilu pemilihan kabupaten mesuji tahun,lapor awas logistik milu pilih kabupaten mesuji tahun,lapor awas logistik milu pilih kabupaten mesuji tahun,Topik 5,0.8905503039812347
D083,Lampung,Pengawasan Logistik,Laporan pengawasan logistik Pemilu dan Pemilihan Kabupaten Lampung Barat Tahun 2024.,laporan pengawasan logistik pemilu dan pemilihan kabupaten lampung barat tahun,laporan pengawasan logistik pemilu dan pemilihan kabupaten lampung barat tahun,laporan pengawasan logistik pemilu dan pemilihan kabupaten lampung barat tahun,laporan pengawasan logistik pemilu pemilihan kabupaten lampung barat tahun,lapor awas logistik milu pilih kabupaten lampung barat tahun,lapor awas logistik milu pilih kabupaten lampung barat tahun,Topik 5,0.9124508356279755
D084,Lampung,Pengawasan Logistik,Laporan pengawasan logistik Pemilu dan Pemilihan Kabupaten Lampung Selatan Tahun 2024.,laporan pengawasan logistik pemilu dan pemilihan kabupaten lampung selatan tahun,laporan pengawasan logistik pemilu dan pemilihan kabupaten lampung selatan tahun,laporan pengawasan logistik pemilu dan pemilihan kabupaten lampung selatan tahun,laporan pengawasan logistik pemilu pemilihan kabupaten lampung selatan tahun,lapor awas logistik milu pilih kabupaten lampung selatan tahun,lapor awas logistik milu pilih kabupaten lampung selatan tahun,Topik 5,0.9124455607760051
D085,Lampung,Pengawasan Logistik,Laporan pengawasan logistik Pemilu dan Pemilihan Provinsi Lampung Tahun 2024.,laporan pengawasan logistik pemilu dan pemilihan provinsi lampung tahun,laporan pengawasan logistik pemilu dan pemilihan provinsi lampung tahun,laporan pengawasan logistik pemilu dan pemilihan provinsi lampung tahun,laporan pengawasan logistik pemilu pemilihan provinsi lampung tahun,lapor awas logistik milu pilih provinsi lampung tahun,lapor awas logistik milu pilih provinsi lampung tahun,Topik 5,0.9027094098009233
D086,Lampung,Pengawasan Logistik,Laporan pengawasan logistik Pemilu dan Pemilihan Kabupaten Lampung Utara Tahun 2024.,laporan pengawasan logistik pemilu dan pemilihan kabupaten lampung utara tahun,laporan pengawasan logistik pemilu dan pemilihan kabupaten lampung utara tahun,laporan pengawasan logistik pemilu dan pemilihan kabupaten lampung utara tahun,laporan pengawasan logistik pemilu pemilihan kabupaten lampung utara tahun,lapor awas logistik milu pilih kabupaten lampung utara tahun,lapor awas logistik milu pilih kabupaten lampung utara tahun,Topik 5,0.7272252956564282
D087,Lampung,Pengawasan Logistik,Laporan pengawasan logistik Pemilu dan Pemilihan Kabupaten Pesisir Barat Tahun 2024.,laporan pengawasan logistik pemilu dan pemilihan kabupaten pesisir barat tahun,laporan pengawasan logistik pemilu dan pemilihan kabupaten pesisir barat tahun,laporan pengawasan logistik pemilu dan pemilihan kabupaten pesisir barat tahun,laporan pengawasan logistik pemilu pemilihan kabupaten pesisir barat tahun,lapor awas logistik milu pilih kabupaten pesisir barat tahun,lapor awas logistik milu pilih kabupaten pesisir barat tahun,Topik 5,0.902718748586491
D088,Lampung,Pengawasan Logistik,Laporan pengawasan logistik Pemilu dan Pemilihan Kota Metro Tahun 2024.,laporan pengawasan logistik pemilu dan pemilihan kota metro tahun,laporan pengawasan logistik pemilu dan pemilihan kota metro tahun,laporan pengawasan logistik pemilu dan pemilihan kota metro tahun,laporan pengawasan logistik pemilu pemilihan kota metro tahun,lapor awas logistik milu pilih kota metro tahun,lapor awas logistik milu pilih kota metro tahun,Topik 5,0.8905525797573046
D089,Lampung,Pengawasan Logistik,Laporan pengawasan logistik Pemilu dan Pemilihan Kabupaten Lampung Tengah Tahun 2024.,laporan pengawasan logistik pemilu dan pemilihan kabupaten lampung tengah tahun,laporan pengawasan logistik pemilu dan pemilihan kabupaten lampung tengah tahun,laporan pengawasan logistik pemilu dan pemilihan kabupaten lampung tengah tahun,laporan pengawasan logistik pemilu pemilihan kabupaten lampung tengah tahun,lapor awas logistik milu pilih kabupaten lampung tengah tahun,lapor awas logistik milu pilih kabupaten lampung tengah tahun,Topik 5,0.7365223530369599
D090,Lampung,Pengadaan Logistik,Laporan pengawasan pengadaan dan pendistribusian logistik PSU Pemilihan Tahun 2024.,laporan pengawasan pengadaan dan pendistribusian logistik psu pemilihan tahun,laporan pengawasan pengadaan dan pendistribusian logistik psu pemilihan tahun,laporan pengawasan pengadaan dan pendistribusian logistik psu pemilihan tahun,laporan pengawasan pengadaan pendistribusian logistik psu pemilihan tahun,lapor awas ada distribusi logistik psu pilih tahun,lapor awas ada distribusi logistik psu pilih tahun,Topik 7,0.5348803325173362
D091,Lampung,Logistik PSU,Laporan logistik PSU Pemilihan Tahun 2024 Kabupaten Pesawaran.,laporan logistik psu pemilihan tahun kabupaten pesawaran,laporan logistik psu pemilihan tahun kabupaten pesawaran,laporan logistik psu pemilihan tahun kabupaten pesawaran,laporan logistik psu pemilihan tahun kabupaten pesawaran,lapor logistik psu pilih tahun kabupaten sawar,lapor logistik psu pilih tahun kabupaten sawar,Topik 5,0.572730408567207
D092,Lampung,Pengawasan Logistik,Laporan akhir pengawasan logistik Pemilu dan Pemilihan Kabupaten Pesawaran Tahun 2024.,laporan akhir pengawasan logistik pemilu dan pemilihan kabupaten pesawaran tahun,laporan akhir pengawasan logistik pemilu dan pemilihan kabupaten pesawaran tahun,laporan akhir pengawasan logistik pemilu dan pemilihan kabupaten pesawaran tahun,laporan akhir pengawasan logistik pemilu pemilihan kabupaten pesawaran tahun,lapor akhir awas logistik milu pilih kabupaten sawar tahun,lapor akhir awas logistik milu pilih kabupaten sawar tahun,Topik 5,0.7831319431984781
D093,Lampung,Pengawasan Logistik,Laporan pengawasan logistik Pemilu dan Pemilihan Kabupaten Pringsewu Tahun 2024.,laporan pengawasan logistik pemilu dan pemilihan kabupaten pringsewu tahun,laporan pengawasan logistik pemilu dan pemilihan kabupaten pringsewu tahun,laporan pengawasan logistik pemilu dan pemilihan kabupaten pringsewu tahun,laporan pengawasan logistik pemilu pemilihan kabupaten pringsewu tahun,lapor awas logistik milu pilih kabupaten pringsewu tahun,lapor awas logistik milu pilih kabupaten pringsewu tahun,Topik 5,0.8905503039812347
D094,Lampung,Pengawasan Logistik,Laporan pengawasan logistik Pemilu dan Pemilihan Kabupaten Tanggamus Tahun 2024.,laporan pengawasan logistik pemilu dan pemilihan kabupaten tanggamus tahun,laporan pengawasan logistik pemilu dan pemilihan kabupaten tanggamus tahun,laporan pengawasan logistik pemilu dan pemilihan kabupaten tanggamus tahun,laporan pengawasan logistik pemilu pemilihan kabupaten tanggamus tahun,lapor awas logistik milu pilih kabupaten tanggamus tahun,lapor awas logistik milu pilih kabupaten tanggamus tahun,Topik 5,0.8905503039812347
D095,Lampung,Pengawasan Logistik,Laporan pengawasan logistik Pemilu dan Pemilihan Kota Bandar Lampung Tahun 2024.,laporan pengawasan logistik pemilu dan pemilihan kota bandar lampung tahun,laporan pengawasan logistik pemilu dan pemilihan kota bandar lampung tahun,laporan pengawasan logistik pemilu dan pemilihan kota bandar lampung tahun,laporan pengawasan logistik pemilu pemilihan kota bandar lampung tahun,lapor awas logistik milu pilih kota bandar lampung tahun,lapor awas logistik milu pilih kota bandar lampung tahun,Topik 5,0.9027218554340005
D096,Maluku Utara,Pengawasan Logistik,Laporan pengawasan logistik Pemilihan Tahun 2024 Provinsi Maluku Utara.,laporan pengawasan logistik pemilihan tahun provinsi maluku utara,laporan pengawasan logistik pemilihan tahun provinsi maluku utara,laporan pengawasan logistik pemilihan tahun provinsi maluku utara,laporan pengawasan logistik pemilihan tahun provinsi maluku utara,lapor awas logistik pilih tahun provinsi malu utara,lapor awas logistik pilih tahun provinsi malu utara,Topik 8,0.8905422524846694
D097,Maluku,Logistik PSU,Laporan pengawasan logistik Pemungutan Suara Ulang (PSU) Kabupaten Buru Tahun 2024.,laporan pengawasan logistik pemungutan suara ulang psu kabupaten buru tahun,laporan pengawasan logistik pemungutan suara ulang psu kabupaten buru tahun,laporan pengawasan logistik pemungutan suara ulang psu kabupaten buru tahun,laporan pengawasan logistik pemungutan suara ulang psu kabupaten buru tahun,lapor awas logistik mungut suara ulang psu kabupaten buru tahun,lapor awas logistik mungut suara ulang psu kabupaten buru tahun,Topik 7,0.9124161435854473
D098,NTB,Pengawasan Logistik,Laporan pengawasan logistik Pemilu dan Pemilihan Provinsi Nusa Tenggara Barat Tahun 2024.,laporan pengawasan logistik pemilu dan pemilihan provinsi nusa tenggara barat tahun,laporan pengawasan logistik pemilu dan pemilihan provinsi nusa tenggara barat tahun,laporan pengawasan logistik pemilu dan pemilihan provinsi nusa tenggara barat tahun,laporan pengawasan logistik pemilu pemilihan provinsi nusa tenggara barat tahun,lapor awas logistik milu pilih provinsi nusa tenggara barat tahun,lapor awas logistik milu pilih provinsi nusa tenggara barat tahun,Topik 5,0.9204068947630117
D099,NTT,Pengawasan Logistik,Laporan pengawasan logistik Pemilu dan Pemilihan Provinsi Nusa Tenggara Timur Tahun 2024.,laporan pengawasan logistik pemilu dan pemilihan provinsi nusa tenggara timur tahun,laporan pengawasan logistik pemilu dan pemilihan provinsi nusa tenggara timur tahun,laporan pengawasan logistik pemilu dan pemilihan provinsi nusa tenggara timur tahun,laporan pengawasan logistik pemilu pemilihan provinsi nusa tenggara timur tahun,lapor awas logistik milu pilih provinsi nusa tenggara timur tahun,lapor awas logistik milu pilih provinsi nusa tenggara timur tahun,Topik 5,0.7769953067419592
D100,Papua Barat,Pengawasan Logistik,Laporan pengawasan logistik Pemilu dan Pemilihan Provinsi Papua Barat Tahun 2024.,laporan pengawasan logistik pemilu dan pemilihan provinsi papua barat tahun,laporan pengawasan logistik pemilu dan pemilihan provinsi papua barat tahun,laporan pengawasan logistik pemilu dan pemilihan provinsi papua barat tahun,laporan pengawasan logistik pemilu pemilihan provinsi papua barat tahun,lapor awas logistik milu pilih provinsi papua barat tahun,lapor awas logistik milu pilih provinsi papua barat tahun,Topik 5,0.902707881103057
D101,Papua Barat,Pengawasan Logistik,Laporan pengawasan logistik Pemilihan Serentak Kabupaten Teluk Wondama Tahun 2024.,laporan pengawasan logistik pemilihan serentak kabupaten teluk wondama tahun,laporan pengawasan logistik pemilihan serentak kabupaten teluk wondama tahun,laporan pengawasan logistik pemilihan serentak kabupaten teluk wondama tahun,laporan pengawasan logistik pemilihan serentak kabupaten teluk wondama tahun,lapor awas logistik pilih serentak kabupaten teluk wondama tahun,lapor awas logistik pilih serentak kabupaten teluk wondama tahun,Topik 5,0.8905422644362295
D102,Papua Barat,Pengawasan Logistik,Laporan akhir pengawasan logistik Pemilu dan Pemilihan Kabupaten Manokwari Selatan Tahun 2024.,laporan akhir pengawasan logistik pemilu dan pemilihan kabupaten manokwari selatan tahun,laporan akhir pengawasan logistik pemilu dan pemilihan kabupaten manokwari selatan tahun,laporan akhir pengawasan logistik pemilu dan pemilihan kabupaten manokwari selatan tahun,laporan akhir pengawasan logistik pemilu pemilihan kabupaten manokwari selatan tahun,lapor akhir awas logistik milu pilih kabupaten manokwari selatan tahun,lapor akhir awas logistik milu pilih kabupaten manokwari selatan tahun,Topik 5,0.9124368157795044
D103,Papua Barat,Pengawasan Logistik,Laporan pengawasan logistik Pemilu dan Pemilihan Kabupaten Fakfak Tahun 2024.,laporan pengawasan logistik pemilu dan pemilihan kabupaten fakfak tahun,laporan pengawasan logistik pemilu dan pemilihan kabupaten fakfak tahun,laporan pengawasan logistik pemilu dan pemilihan kabupaten fakfak tahun,laporan pengawasan logistik pemilu pemilihan kabupaten fakfak tahun,lapor awas logistik milu pilih kabupaten fakfak tahun,lapor awas logistik milu pilih kabupaten fakfak tahun,Topik 5,0.8905503039812347
Document_ID,Provinsi,Kategori_Isu,Text,text,text,text,text,text,text,Topik 8,0.5624998876109575
D104,Riau,Logistik PSU,Laporan pengawasan logistik pada Pemungutan Suara Ulang (PSU) Tahun 2024 di Provinsi Riau.,laporan pengawasan logistik pada pemungutan suara ulang psu tahun di provinsi riau,laporan pengawasan logistik pada pemungutan suara ulang psu tahun di provinsi riau,laporan pengawasan logistik pada pemungutan suara ulang psu tahun di provinsi riau,laporan pengawasan logistik pemungutan suara ulang psu tahun provinsi riau,lapor awas logistik mungut suara ulang psu tahun provinsi riau,lapor awas logistik mungut suara ulang psu tahun provinsi riau,Topik 7,0.9203813290949479
D105,Sulawesi Selatan,Pengawasan Logistik,Laporan pengawasan logistik pada Pemilihan Tahun 2024 di Provinsi Sulawesi Selatan.,laporan pengawasan logistik pada pemilihan tahun di provinsi sulawesi selatan,laporan pengawasan logistik pada pemilihan tahun di provinsi sulawesi selatan,laporan pengawasan logistik pada pemilihan tahun di provinsi sulawesi selatan,laporan pengawasan logistik pemilihan tahun provinsi sulawesi selatan,lapor awas logistik pilih tahun provinsi sulawesi selatan,lapor awas logistik pilih tahun provinsi sulawesi selatan,Topik 8,0.9027062396528754
D106,Sulawesi Selatan,Pengawasan Logistik,Laporan pengawasan logistik Pemilihan Tahun 2024 Kabupaten Sidenreng Rappang (Sidrap).,laporan pengawasan logistik pemilihan tahun kabupaten sidenreng rappang sidrap,laporan pengawasan logistik pemilihan tahun kabupaten sidenreng rappang sidrap,laporan pengawasan logistik pemilihan tahun kabupaten sidenreng rappang sidrap,laporan pengawasan logistik pemilihan tahun kabupaten sidenreng rappang sidrap,lapor awas logistik pilih tahun kabupaten sidenreng rappang sidrap,lapor awas logistik pilih tahun kabupaten sidenreng rappang sidrap,Topik 5,0.8749202950702594
D107,Sulawesi Selatan,Pengawasan Logistik,Laporan pengawasan logistik Pemilu dan Pemilihan Tahun 2024.,laporan pengawasan logistik pemilu dan pemilihan tahun,laporan pengawasan logistik pemilu dan pemilihan tahun,laporan pengawasan logistik pemilu dan pemilihan tahun,laporan pengawasan logistik pemilu pemilihan tahun,lapor awas logistik milu pilih tahun,lapor awas logistik milu pilih tahun,Topik 5,0.874905889137052
D108,Sulawesi Selatan,Pengawasan Logistik,Laporan pengawasan logistik pada tahapan Pemilihan Tahun 2024.,laporan pengawasan logistik pada tahapan pemilihan tahun,laporan pengawasan logistik pada tahapan pemilihan tahun,laporan pengawasan logistik pada tahapan pemilihan tahun,laporan pengawasan logistik tahapan pemilihan tahun,lapor awas logistik tahap pilih tahun,lapor awas logistik tahap pilih tahun,Topik 5,0.6891447854285624
D109,Sulawesi Selatan,Pengawasan Logistik,Laporan pengawasan logistik Pemilihan Tahun 2024 Kabupaten Jeneponto.,laporan pengawasan logistik pemilihan tahun kabupaten jeneponto,laporan pengawasan logistik pemilihan tahun kabupaten jeneponto,laporan pengawasan logistik pemilihan tahun kabupaten jeneponto,laporan pengawasan logistik pemilihan tahun kabupaten jeneponto,lapor awas logistik pilih tahun kabupaten jeneponto,lapor awas logistik pilih tahun kabupaten jeneponto,Topik 5,0.8749202950702594
D110,Sulawesi Selatan,Distribusi Logistik,Pengawasan distribusi dan pengelolaan logistik Pemilihan Tahun 2024 Kota Makassar.,pengawasan distribusi dan pengelolaan logistik pemilihan tahun kota makassar,pengawasan distribusi dan pengelolaan logistik pemilihan tahun kota makassar,pengawasan distribusi dan pengelolaan logistik pemilihan tahun kota makassar,pengawasan distribusi pengelolaan logistik pemilihan tahun kota makassar,awas distribusi kelola logistik pilih tahun kota makassar,awas distribusi kelola logistik pilih tahun kota makassar,Topik 5,0.5082748122191949
D111,Sulawesi Selatan,Logistik TPS,Pengawasan kesiapan logistik dan perlengkapan TPS pada Pemilihan Tahun 2024 Kabupaten Toraja Utara.,pengawasan kesiapan logistik dan perlengkapan tps pada pemilihan tahun kabupaten toraja utara,pengawasan kesiapan logistik dan perlengkapan tps pada pemilihan tahun kabupaten toraja utara,pengawasan kesiapan logistik dan perlengkapan tps pada pemilihan tahun kabupaten toraja utara,pengawasan kesiapan logistik perlengkapan tps pemilihan tahun kabupaten toraja utara,awas kesiap logistik lengkap tps pilih tahun kabupaten toraja utara,awas kesiap logistik lengkap tps pilih tahun kabupaten toraja utara,Topik 5,0.3748248497055457
D112,Sulawesi Tengah,Logistik PSU,Pengawasan distribusi dan kesiapan logistik pada Pemungutan Suara Ulang (PSU).,pengawasan distribusi dan kesiapan logistik pada pemungutan suara ulang psu,pengawasan distribusi dan kesiapan logistik pada pemungutan suara ulang psu,pengawasan distribusi dan kesiapan logistik pada pemungutan suara ulang psu,pengawasan distribusi kesiapan logistik pemungutan suara ulang psu,awas distribusi kesiap logistik mungut suara ulang psu,awas distribusi kesiap logistik mungut suara ulang psu,Topik 7,0.7725998944235287
D113,Sulawesi Tengah,Distribusi Logistik,"Monitoring pengiriman kotak suara, surat suara, dan perlengkapan pemungutan suara untuk PSU.",monitoring pengiriman kotak suara surat suara dan perlengkapan pemungutan suara untuk psu,monitoring pengiriman kotak suara surat suara dan perlengkapan pemungutan suara untuk psu,monitoring pengiriman kotak suara surat suara dan perlengkapan pemungutan suara untuk psu,monitoring pengiriman kotak suara surat suara perlengkapan pemungutan suara psu,monitoring kirim kotak suara surat suara lengkap mungut suara psu,monitoring kirim kotak suara surat suara lengkap mungut suara psu,Topik 4,0.9124518355467448
D114,Sulawesi Tenggara,Pengawasan Logistik,Laporan pengawasan logistik Pemilu dan Pemilihan Serentak Tahun 2024 di Provinsi Sulawesi Tenggara.,laporan pengawasan logistik pemilu dan pemilihan serentak tahun di provinsi sulawesi tenggara,laporan pengawasan logistik pemilu dan pemilihan serentak tahun di provinsi sulawesi tenggara,laporan pengawasan logistik pemilu dan pemilihan serentak tahun di provinsi sulawesi tenggara,laporan pengawasan logistik pemilu pemilihan serentak tahun provinsi sulawesi tenggara,lapor awas logistik milu pilih serentak tahun provinsi sulawesi tenggara,lapor awas logistik milu pilih serentak tahun provinsi sulawesi tenggara,Topik 8,0.9203986937243016
D115,Sulawesi Tenggara,Distribusi Logistik,"Pengawasan pemenuhan, penyimpanan, dan distribusi logistik Pemilu dan Pemilihan Tahun 2024.",pengawasan pemenuhan penyimpanan dan distribusi logistik pemilu dan pemilihan tahun,pengawasan pemenuhan penyimpanan dan distribusi logistik pemilu dan pemilihan tahun,pengawasan pemenuhan penyimpanan dan distribusi logistik pemilu dan pemilihan tahun,pengawasan pemenuhan penyimpanan distribusi logistik pemilu pemilihan tahun,awas penuh simpan distribusi logistik milu pilih tahun,awas penuh simpan distribusi logistik milu pilih tahun,Topik 2,0.8905306361118825
D116,Sulawesi Tenggara,Evaluasi Logistik,Evaluasi pelaksanaan pengawasan logistik Pemilu dan Pemilihan Serentak Tahun 2024.,evaluasi pelaksanaan pengawasan logistik pemilu dan pemilihan serentak tahun,evaluasi pelaksanaan pengawasan logistik pemilu dan pemilihan serentak tahun,evaluasi pelaksanaan pengawasan logistik pemilu dan pemilihan serentak tahun,evaluasi pelaksanaan pengawasan logistik pemilu pemilihan serentak tahun,evaluasi laksana awas logistik milu pilih serentak tahun,evaluasi laksana awas logistik milu pilih serentak tahun,Topik 8,0.9026992681859679
D117,Sumatera Barat,Logistik PSU,Laporan pengawasan logistik Pemungutan Suara Ulang (PSU) pasca putusan Mahkamah Konstitusi.,laporan pengawasan logistik pemungutan suara ulang psu pasca putusan mahkamah konstitusi,laporan pengawasan logistik pemungutan suara ulang psu pasca putusan mahkamah konstitusi,laporan pengawasan logistik pemungutan suara ulang psu pasca putusan mahkamah konstitusi,laporan pengawasan logistik pemungutan suara ulang psu pasca putusan mahkamah konstitusi,lapor awas logistik mungut suara ulang psu pasca putus mahkamah konstitusi,lapor awas logistik mungut suara ulang psu pasca putus mahkamah konstitusi,Topik 7,0.8905371817655885
D118,Sumatera Barat,Distribusi Logistik PSU,Pengawasan distribusi logistik dan perlengkapan pemungutan suara untuk PSU Kabupaten Pasaman.,pengawasan distribusi logistik dan perlengkapan pemungutan suara untuk psu kabupaten pasaman,pengawasan distribusi logistik dan perlengkapan pemungutan suara untuk psu kabupaten pasaman,pengawasan distribusi logistik dan perlengkapan pemungutan suara untuk psu kabupaten pasaman,pengawasan distribusi logistik perlengkapan pemungutan suara psu kabupaten pasaman,awas distribusi logistik lengkap mungut suara psu kabupaten pasaman,awas distribusi logistik lengkap mungut suara psu kabupaten pasaman,Topik 7,0.7290462237942938
D119,Sumatera Barat,Evaluasi PSU,Evaluasi pelaksanaan pengawasan tahapan PSU dan kesiapan logistik pemilu.,evaluasi pelaksanaan pengawasan tahapan psu dan kesiapan logistik pemilu,evaluasi pelaksanaan pengawasan tahapan psu dan kesiapan logistik pemilu,evaluasi pelaksanaan pengawasan tahapan psu dan kesiapan logistik pemilu,evaluasi pelaksanaan pengawasan tahapan psu kesiapan logistik pemilu,evaluasi laksana awas tahap psu kesiap logistik milu,evaluasi laksana awas tahap psu kesiap logistik milu,Topik 1,0.9026166497606839
D120,Sumatera Utara,Pengawasan Logistik,Laporan pengawasan logistik Pemilu dan Pemilihan Tahun 2024 Provinsi Sumatera Utara.,laporan pengawasan logistik pemilu dan pemilihan tahun provinsi sumatera utara,laporan pengawasan logistik pemilu dan pemilihan tahun provinsi sumatera utara,laporan pengawasan logistik pemilu dan pemilihan tahun provinsi sumatera utara,laporan pengawasan logistik pemilu pemilihan tahun provinsi sumatera utara,lapor awas logistik milu pilih tahun provinsi sumatera utara,lapor awas logistik milu pilih tahun provinsi sumatera utara,Topik 8,0.9026961419910797
D121,Sumatera Utara,Distribusi Logistik,Pengawasan distribusi logistik Pemilu dan Pemilihan sampai tingkat TPS.,pengawasan distribusi logistik pemilu dan pemilihan sampai tingkat tps,pengawasan distribusi logistik pemilu dan pemilihan sampai tingkat tps,pengawasan distribusi logistik pemilu dan pemilihan sampai tingkat tps,pengawasan distribusi logistik pemilu pemilihan tingkat tps,awas distribusi logistik milu pilih tingkat tps,awas distribusi logistik milu pilih tingkat tps,Topik 2,0.5512906350506557
D122,Sumatera Utara,Kerusakan Logistik,"Pengawasan surat suara rusak, kekurangan logistik, dan proses sortir logistik pemilu.",pengawasan surat suara rusak kekurangan logistik dan proses sortir logistik pemilu,pengawasan surat suara rusak kekurangan logistik dan proses sortir logistik pemilu,pengawasan surat suara rusak kekurangan logistik dan proses sortir logistik pemilu,pengawasan surat suara rusak kekurangan logistik proses sortir logistik pemilu,awas surat suara rusak kurang logistik proses sortir logistik milu,awas surat suara rusak kurang logistik proses sortir logistik milu,Topik 2,0.5856383053985668
D123,Sumatera Utara,Evaluasi Logistik,Evaluasi pelaksanaan pengawasan logistik Pemilu dan Pemilihan Tahun 2024.,evaluasi pelaksanaan pengawasan logistik pemilu dan pemilihan tahun,evaluasi pelaksanaan pengawasan logistik pemilu dan pemilihan tahun,evaluasi pelaksanaan pengawasan logistik pemilu dan pemilihan tahun,evaluasi pelaksanaan pengawasan logistik pemilu pemilihan tahun,evaluasi laksana awas logistik milu pilih tahun,evaluasi laksana awas logistik milu pilih tahun,Topik 8,0.8905244059660606
